"collectioncode","catalognumber","scientificname","commonname","datelastmodified","detectedby","receiver_group","station","receiver","bottom_depth","receiver_depth","tagname","codespace","sensorname","sensorraw","sensortype","sensorvalue","sensorunit","datecollected","timezone","longitude","latitude","the_geom","yearcollected","monthcollected","daycollected","julianday","timeofday","local_area","notes","citation","unqdetecid","contact_poc","contact_pi"
"HCTS","HCTS-A69-9007-6152-2022-03-31","Limulus polyphemus","horseshoe crab","2023-08-20","HCTS","HCTS","Gator Creek","release",NA,NA,"A69-9007-6152","","",NA,NA,NA,"","2022-03-31 12:00:00","UTC",-80.78707,28.62756,"0101000020E61000006A6AD95A5F3254C07B4FE5B4A7A03C40",2022,3,31,90,12,"Gator Creek","AGE: M; AGE_UNITS: Y,M,O","Fusco, K., et al. 2021.","HCTS-A69-9007-6152-2022-03-31-release-A69-9007-6152","Kirk Fusco (kirk.fusco@floridadep.gov)","Kirk Fusco (kirk.fusco@floridadep.gov)"
"HCTS","HCTS-A69-9007-6152-2022-03-31","Limulus polyphemus","horseshoe crab","2023-10-18","HCTSA","HCTSA","487549-NE","487549",1.2,0.3,"A69-9007-6152","A69-9007","A69-9007-6152",189,NA,NA,"ADC","2022-04-01 00:06:38","UTC",-80.78791,28.62577,"0101000020E61000003F8C101E6D3254C063D1747632A03C40",2022,4,1,91,0.110555555555556,"Titusville","","Fusco, K., et al. 2021.","HCTSA-A69-9007-6152-68142","Kirk Fusco (kirk.fusco@floridadep.gov)","Kirk Fusco (kirk.fusco@floridadep.gov)"
"HCTS","HCTS-A69-9007-6152-2022-03-31","Limulus polyphemus","horseshoe crab","2023-10-18","HCTSA","HCTSA","487549-NE","487549",1.2,0.3,"A69-9007-6152","A69-9007","A69-9007-6152",188,NA,NA,"ADC","2022-04-01 00:32:09","UTC",-80.78791,28.62577,"0101000020E61000003F8C101E6D3254C063D1747632A03C40",2022,4,1,91,0.535833333333333,"Titusville","","Fusco, K., et al. 2021.","HCTSA-A69-9007-6152-68165","Kirk Fusco (kirk.fusco@floridadep.gov)","Kirk Fusco (kirk.fusco@floridadep.gov)"
"HCTS","HCTS-A69-9007-6152-2022-03-31","Limulus polyphemus","horseshoe crab","2023-10-18","HCTSA","HCTSA","487549-NE","487549",1.2,0.3,"A69-9007-6152","A69-9007","A69-9007-6152",188,NA,NA,"ADC","2022-04-01 00:39:43","UTC",-80.78791,28.62577,"0101000020E61000003F8C101E6D3254C063D1747632A03C40",2022,4,1,91,0.661944444444444,"Titusville","","Fusco, K., et al. 2021.","HCTSA-A69-9007-6152-68177","Kirk Fusco (kirk.fusco@floridadep.gov)","Kirk Fusco (kirk.fusco@floridadep.gov)"
"HCTS","HCTS-A69-9007-6152-2022-03-31","Limulus polyphemus","horseshoe crab","2023-10-18","HCTSA","HCTSA","487549-NE","487549",1.2,0.3,"A69-9007-6152","A69-9007","A69-9007-6152",188,NA,NA,"ADC","2022-04-01 00:59:47","UTC",-80.78791,28.62577,"0101000020E61000003F8C101E6D3254C063D1747632A03C40",2022,4,1,91,0.996388888888889,"Titusville","","Fusco, K., et al. 2021.","HCTSA-A69-9007-6152-68203","Kirk Fusco (kirk.fusco@floridadep.gov)","Kirk Fusco (kirk.fusco@floridadep.gov)"
"HCTS","HCTS-A69-9007-6152-2022-03-31","Limulus polyphemus","horseshoe crab","2023-10-18","HCTSA","HCTSA","487549-NE","487549",1.2,0.3,"A69-9007-6152","A69-9007","A69-9007-6152",188,NA,NA,"ADC","2022-04-01 01:10:51","UTC",-80.78791,28.62577,"0101000020E61000003F8C101E6D3254C063D1747632A03C40",2022,4,1,91,1.18083333333333,"Titusville","","Fusco, K., et al. 2021.","HCTSA-A69-9007-6152-68217","Kirk Fusco (kirk.fusco@floridadep.gov)","Kirk Fusco (kirk.fusco@floridadep.gov)"
"HCTS","HCTS-A69-9007-6152-2022-03-31","Limulus polyphemus","horseshoe crab","2023-10-18","HCTSA","HCTSA","487549-NE","487549",1.2,0.3,"A69-9007-6152","A69-9007","A69-9007-6152",188,NA,NA,"ADC","2022-04-01 01:14:42","UTC",-80.78791,28.62577,"0101000020E61000003F8C101E6D3254C063D1747632A03C40",2022,4,1,91,1.245,"Titusville","","Fusco, K., et al. 2021.","HCTSA-A69-9007-6152-68222","Kirk Fusco (kirk.fusco@floridadep.gov)","Kirk Fusco (kirk.fusco@floridadep.gov)"
"HCTS","HCTS-A69-9007-6152-2022-03-31","Limulus polyphemus","horseshoe crab","2023-10-18","HCTSA","HCTSA","487549-NE","487549",1.2,0.3,"A69-9007-6152","A69-9007","A69-9007-6152",188,NA,NA,"ADC","2022-04-01 01:19:10","UTC",-80.78791,28.62577,"0101000020E61000003F8C101E6D3254C063D1747632A03C40",2022,4,1,91,1.31944444444444,"Titusville","","Fusco, K., et al. 2021.","HCTSA-A69-9007-6152-68231","Kirk Fusco (kirk.fusco@floridadep.gov)","Kirk Fusco (kirk.fusco@floridadep.gov)"
"HCTS","HCTS-A69-9007-6152-2022-03-31","Limulus polyphemus","horseshoe crab","2023-10-18","HCTSA","HCTSA","487549-NE","487549",1.2,0.3,"A69-9007-6152","A69-9007","A69-9007-6152",188,NA,NA,"ADC","2022-04-01 01:27:59","UTC",-80.78791,28.62577,"0101000020E61000003F8C101E6D3254C063D1747632A03C40",2022,4,1,91,1.46638888888889,"Titusville","","Fusco, K., et al. 2021.","HCTSA-A69-9007-6152-68250","Kirk Fusco (kirk.fusco@floridadep.gov)","Kirk Fusco (kirk.fusco@floridadep.gov)"
"HCTS","HCTS-A69-9007-6152-2022-03-31","Limulus polyphemus","horseshoe crab","2023-10-18","HCTSA","HCTSA","487549-NE","487549",1.2,0.3,"A69-9007-6152","A69-9007","A69-9007-6152",188,NA,NA,"ADC","2022-04-01 01:32:41","UTC",-80.78791,28.62577,"0101000020E61000003F8C101E6D3254C063D1747632A03C40",2022,4,1,91,1.54472222222222,"Titusville","","Fusco, K., et al. 2021.","HCTSA-A69-9007-6152-68254","Kirk Fusco (kirk.fusco@floridadep.gov)","Kirk Fusco (kirk.fusco@floridadep.gov)"
"HCTS","HCTS-A69-9007-6152-2022-03-31","Limulus polyphemus","horseshoe crab","2023-10-18","HCTSA","HCTSA","487549-NE","487549",1.2,0.3,"A69-9007-6152","A69-9007","A69-9007-6152",188,NA,NA,"ADC","2022-04-01 01:48:05","UTC",-80.78791,28.62577,"0101000020E61000003F8C101E6D3254C063D1747632A03C40",2022,4,1,91,1.80138888888889,"Titusville","","Fusco, K., et al. 2021.","HCTSA-A69-9007-6152-68276","Kirk Fusco (kirk.fusco@floridadep.gov)","Kirk Fusco (kirk.fusco@floridadep.gov)"
"HCTS","HCTS-A69-9007-6152-2022-03-31","Limulus polyphemus","horseshoe crab","2023-10-18","HCTSA","HCTSA","487549-NE","487549",1.2,0.3,"A69-9007-6152","A69-9007","A69-9007-6152",188,NA,NA,"ADC","2022-04-01 01:51:44","UTC",-80.78791,28.62577,"0101000020E61000003F8C101E6D3254C063D1747632A03C40",2022,4,1,91,1.86222222222222,"Titusville","","Fusco, K., et al. 2021.","HCTSA-A69-9007-6152-68279","Kirk Fusco (kirk.fusco@floridadep.gov)","Kirk Fusco (kirk.fusco@floridadep.gov)"
"HCTS","HCTS-A69-9007-6152-2022-03-31","Limulus polyphemus","horseshoe crab","2023-10-18","HCTSA","HCTSA","487549-NE","487549",1.2,0.3,"A69-9007-6152","A69-9007","A69-9007-6152",187,NA,NA,"ADC","2022-04-01 01:55:49","UTC",-80.78791,28.62577,"0101000020E61000003F8C101E6D3254C063D1747632A03C40",2022,4,1,91,1.93027777777778,"Titusville","","Fusco, K., et al. 2021.","HCTSA-A69-9007-6152-68282","Kirk Fusco (kirk.fusco@floridadep.gov)","Kirk Fusco (kirk.fusco@floridadep.gov)"
"HCTS","HCTS-A69-9007-6152-2022-03-31","Limulus polyphemus","horseshoe crab","2023-10-18","HCTSA","HCTSA","487549-NE","487549",1.2,0.3,"A69-9007-6152","A69-9007","A69-9007-6152",187,NA,NA,"ADC","2022-04-01 02:00:43","UTC",-80.78791,28.62577,"0101000020E61000003F8C101E6D3254C063D1747632A03C40",2022,4,1,91,2.01194444444444,"Titusville","","Fusco, K., et al. 2021.","HCTSA-A69-9007-6152-68292","Kirk Fusco (kirk.fusco@floridadep.gov)","Kirk Fusco (kirk.fusco@floridadep.gov)"
"HCTS","HCTS-A69-9007-6152-2022-03-31","Limulus polyphemus","horseshoe crab","2023-10-18","HCTSA","HCTSA","487551-W","487551",1.2,0.3,"A69-9007-6152","A69-9007","A69-9007-6152",187,NA,NA,"ADC","2022-04-01 02:00:43","UTC",-80.79027,28.62344,"0101000020E6100000A3409FC8933254C0AB048BC3999F3C40",2022,4,1,91,2.01194444444444,"Titusville","","Fusco, K., et al. 2021.","HCTSA-A69-9007-6152-68293","Kirk Fusco (kirk.fusco@floridadep.gov)","Kirk Fusco (kirk.fusco@floridadep.gov)"
"HCTS","HCTS-A69-9007-6152-2022-03-31","Limulus polyphemus","horseshoe crab","2023-10-18","HCTSA","HCTSA","487551-W","487551",1.2,0.3,"A69-9007-6152","A69-9007","A69-9007-6152",186,NA,NA,"ADC","2022-04-01 02:37:55","UTC",-80.79027,28.62344,"0101000020E6100000A3409FC8933254C0AB048BC3999F3C40",2022,4,1,91,2.63194444444444,"Titusville","","Fusco, K., et al. 2021.","HCTSA-A69-9007-6152-68342","Kirk Fusco (kirk.fusco@floridadep.gov)","Kirk Fusco (kirk.fusco@floridadep.gov)"
"HCTS","HCTS-A69-9007-6152-2022-03-31","Limulus polyphemus","horseshoe crab","2023-10-18","HCTSA","HCTSA","487550-SE","487550",1.2,0.3,"A69-9007-6152","A69-9007","A69-9007-6152",186,NA,NA,"ADC","2022-04-01 02:42:26","UTC",-80.78626,28.6223,"0101000020E6100000CA897615523254C0014D840D4F9F3C40",2022,4,1,91,2.70722222222222,"Titusville","","Fusco, K., et al. 2021.","HCTSA-A69-9007-6152-68349","Kirk Fusco (kirk.fusco@floridadep.gov)","Kirk Fusco (kirk.fusco@floridadep.gov)"
"HCTS","HCTS-A69-9007-6152-2022-03-31","Limulus polyphemus","horseshoe crab","2023-10-18","HCTSA","HCTSA","487551-W","487551",1.2,0.3,"A69-9007-6152","A69-9007","A69-9007-6152",185,NA,NA,"ADC","2022-04-01 02:49:49","UTC",-80.79027,28.62344,"0101000020E6100000A3409FC8933254C0AB048BC3999F3C40",2022,4,1,91,2.83027777777778,"Titusville","","Fusco, K., et al. 2021.","HCTSA-A69-9007-6152-68364","Kirk Fusco (kirk.fusco@floridadep.gov)","Kirk Fusco (kirk.fusco@floridadep.gov)"
"HCTS","HCTS-A69-9007-6152-2022-03-31","Limulus polyphemus","horseshoe crab","2023-10-18","HCTSA","HCTSA","487550-SE","487550",1.2,0.3,"A69-9007-6152","A69-9007","A69-9007-6152",185,NA,NA,"ADC","2022-04-01 02:49:50","UTC",-80.78626,28.6223,"0101000020E6100000CA897615523254C0014D840D4F9F3C40",2022,4,1,91,2.83055555555556,"Titusville","","Fusco, K., et al. 2021.","HCTSA-A69-9007-6152-68368","Kirk Fusco (kirk.fusco@floridadep.gov)","Kirk Fusco (kirk.fusco@floridadep.gov)"
"HCTS","HCTS-A69-9007-6152-2022-03-31","Limulus polyphemus","horseshoe crab","2023-10-18","HCTSA","HCTSA","487551-W","487551",1.2,0.3,"A69-9007-6152","A69-9007","A69-9007-6152",185,NA,NA,"ADC","2022-04-01 02:53:10","UTC",-80.79027,28.62344,"0101000020E6100000A3409FC8933254C0AB048BC3999F3C40",2022,4,1,91,2.88611111111111,"Titusville","","Fusco, K., et al. 2021.","HCTSA-A69-9007-6152-68372","Kirk Fusco (kirk.fusco@floridadep.gov)","Kirk Fusco (kirk.fusco@floridadep.gov)"
"HCTS","HCTS-A69-9007-6152-2022-03-31","Limulus polyphemus","horseshoe crab","2023-10-18","HCTSA","HCTSA","487551-W","487551",1.2,0.3,"A69-9007-6152","A69-9007","A69-9007-6152",185,NA,NA,"ADC","2022-04-01 03:04:18","UTC",-80.79027,28.62344,"0101000020E6100000A3409FC8933254C0AB048BC3999F3C40",2022,4,1,91,3.07166666666667,"Titusville","","Fusco, K., et al. 2021.","HCTSA-A69-9007-6152-68389","Kirk Fusco (kirk.fusco@floridadep.gov)","Kirk Fusco (kirk.fusco@floridadep.gov)"
"HCTS","HCTS-A69-9007-6152-2022-03-31","Limulus polyphemus","horseshoe crab","2023-10-18","HCTSA","HCTSA","487550-SE","487550",1.2,0.3,"A69-9007-6152","A69-9007","A69-9007-6152",185,NA,NA,"ADC","2022-04-01 03:04:19","UTC",-80.78626,28.6223,"0101000020E6100000CA897615523254C0014D840D4F9F3C40",2022,4,1,91,3.07194444444444,"Titusville","","Fusco, K., et al. 2021.","HCTSA-A69-9007-6152-68392","Kirk Fusco (kirk.fusco@floridadep.gov)","Kirk Fusco (kirk.fusco@floridadep.gov)"
"HCTS","HCTS-A69-9007-6152-2022-03-31","Limulus polyphemus","horseshoe crab","2023-10-18","HCTSA","HCTSA","487549-NE","487549",1.2,0.3,"A69-9007-6152","A69-9007","A69-9007-6152",185,NA,NA,"ADC","2022-04-01 03:40:16","UTC",-80.78791,28.62577,"0101000020E61000003F8C101E6D3254C063D1747632A03C40",2022,4,1,91,3.67111111111111,"Titusville","","Fusco, K., et al. 2021.","HCTSA-A69-9007-6152-68464","Kirk Fusco (kirk.fusco@floridadep.gov)","Kirk Fusco (kirk.fusco@floridadep.gov)"
"HCTS","HCTS-A69-9007-6152-2022-03-31","Limulus polyphemus","horseshoe crab","2023-10-18","HCTSA","HCTSA","487550-SE","487550",1.2,0.3,"A69-9007-6152","A69-9007","A69-9007-6152",185,NA,NA,"ADC","2022-04-01 03:40:18","UTC",-80.78626,28.6223,"0101000020E6100000CA897615523254C0014D840D4F9F3C40",2022,4,1,91,3.67166666666667,"Titusville","","Fusco, K., et al. 2021.","HCTSA-A69-9007-6152-68465","Kirk Fusco (kirk.fusco@floridadep.gov)","Kirk Fusco (kirk.fusco@floridadep.gov)"
"HCTS","HCTS-A69-9007-6152-2022-03-31","Limulus polyphemus","horseshoe crab","2023-10-18","HCTSA","HCTSA","487549-NE","487549",1.2,0.3,"A69-9007-6152","A69-9007","A69-9007-6152",185,NA,NA,"ADC","2022-04-01 03:45:08","UTC",-80.78791,28.62577,"0101000020E61000003F8C101E6D3254C063D1747632A03C40",2022,4,1,91,3.75222222222222,"Titusville","","Fusco, K., et al. 2021.","HCTSA-A69-9007-6152-68478","Kirk Fusco (kirk.fusco@floridadep.gov)","Kirk Fusco (kirk.fusco@floridadep.gov)"
"HCTS","HCTS-A69-9007-6152-2022-03-31","Limulus polyphemus","horseshoe crab","2023-10-18","HCTSA","HCTSA","487551-W","487551",1.2,0.3,"A69-9007-6152","A69-9007","A69-9007-6152",185,NA,NA,"ADC","2022-04-01 03:45:09","UTC",-80.79027,28.62344,"0101000020E6100000A3409FC8933254C0AB048BC3999F3C40",2022,4,1,91,3.7525,"Titusville","","Fusco, K., et al. 2021.","HCTSA-A69-9007-6152-68479","Kirk Fusco (kirk.fusco@floridadep.gov)","Kirk Fusco (kirk.fusco@floridadep.gov)"
"HCTS","HCTS-A69-9007-6152-2022-03-31","Limulus polyphemus","horseshoe crab","2023-10-18","HCTSA","HCTSA","487549-NE","487549",1.2,0.3,"A69-9007-6152","A69-9007","A69-9007-6152",185,NA,NA,"ADC","2022-04-01 03:49:58","UTC",-80.78791,28.62577,"0101000020E61000003F8C101E6D3254C063D1747632A03C40",2022,4,1,91,3.83277777777778,"Titusville","","Fusco, K., et al. 2021.","HCTSA-A69-9007-6152-68487","Kirk Fusco (kirk.fusco@floridadep.gov)","Kirk Fusco (kirk.fusco@floridadep.gov)"
"HCTS","HCTS-A69-9007-6152-2022-03-31","Limulus polyphemus","horseshoe crab","2023-10-18","HCTSA","HCTSA","487551-W","487551",1.2,0.3,"A69-9007-6152","A69-9007","A69-9007-6152",185,NA,NA,"ADC","2022-04-01 03:49:58","UTC",-80.79027,28.62344,"0101000020E6100000A3409FC8933254C0AB048BC3999F3C40",2022,4,1,91,3.83277777777778,"Titusville","","Fusco, K., et al. 2021.","HCTSA-A69-9007-6152-68488","Kirk Fusco (kirk.fusco@floridadep.gov)","Kirk Fusco (kirk.fusco@floridadep.gov)"
"HCTS","HCTS-A69-9007-6152-2022-03-31","Limulus polyphemus","horseshoe crab","2023-10-18","HCTSA","HCTSA","487551-W","487551",1.2,0.3,"A69-9007-6152","A69-9007","A69-9007-6152",185,NA,NA,"ADC","2022-04-01 03:54:42","UTC",-80.79027,28.62344,"0101000020E6100000A3409FC8933254C0AB048BC3999F3C40",2022,4,1,91,3.91166666666667,"Titusville","","Fusco, K., et al. 2021.","HCTSA-A69-9007-6152-68497","Kirk Fusco (kirk.fusco@floridadep.gov)","Kirk Fusco (kirk.fusco@floridadep.gov)"
"HCTS","HCTS-A69-9007-6152-2022-03-31","Limulus polyphemus","horseshoe crab","2023-10-18","HCTSA","HCTSA","487549-NE","487549",1.2,0.3,"A69-9007-6152","A69-9007","A69-9007-6152",185,NA,NA,"ADC","2022-04-01 03:59:15","UTC",-80.78791,28.62577,"0101000020E61000003F8C101E6D3254C063D1747632A03C40",2022,4,1,91,3.9875,"Titusville","","Fusco, K., et al. 2021.","HCTSA-A69-9007-6152-68505","Kirk Fusco (kirk.fusco@floridadep.gov)","Kirk Fusco (kirk.fusco@floridadep.gov)"
"HCTS","HCTS-A69-9007-6152-2022-03-31","Limulus polyphemus","horseshoe crab","2023-10-18","HCTSA","HCTSA","487550-SE","487550",1.2,0.3,"A69-9007-6152","A69-9007","A69-9007-6152",185,NA,NA,"ADC","2022-04-01 03:59:17","UTC",-80.78626,28.6223,"0101000020E6100000CA897615523254C0014D840D4F9F3C40",2022,4,1,91,3.98805555555556,"Titusville","","Fusco, K., et al. 2021.","HCTSA-A69-9007-6152-68509","Kirk Fusco (kirk.fusco@floridadep.gov)","Kirk Fusco (kirk.fusco@floridadep.gov)"
"HCTS","HCTS-A69-9007-6152-2022-03-31","Limulus polyphemus","horseshoe crab","2023-10-18","HCTSA","HCTSA","487549-NE","487549",1.2,0.3,"A69-9007-6152","A69-9007","A69-9007-6152",185,NA,NA,"ADC","2022-04-01 04:03:27","UTC",-80.78791,28.62577,"0101000020E61000003F8C101E6D3254C063D1747632A03C40",2022,4,1,91,4.0575,"Titusville","","Fusco, K., et al. 2021.","HCTSA-A69-9007-6152-68515","Kirk Fusco (kirk.fusco@floridadep.gov)","Kirk Fusco (kirk.fusco@floridadep.gov)"
"HCTS","HCTS-A69-9007-6152-2022-03-31","Limulus polyphemus","horseshoe crab","2023-10-18","HCTSA","HCTSA","487551-W","487551",1.2,0.3,"A69-9007-6152","A69-9007","A69-9007-6152",185,NA,NA,"ADC","2022-04-01 04:03:28","UTC",-80.79027,28.62344,"0101000020E6100000A3409FC8933254C0AB048BC3999F3C40",2022,4,1,91,4.05777777777778,"Titusville","","Fusco, K., et al. 2021.","HCTSA-A69-9007-6152-68516","Kirk Fusco (kirk.fusco@floridadep.gov)","Kirk Fusco (kirk.fusco@floridadep.gov)"
"HCTS","HCTS-A69-9007-6152-2022-03-31","Limulus polyphemus","horseshoe crab","2023-10-18","HCTSA","HCTSA","487551-W","487551",1.2,0.3,"A69-9007-6152","A69-9007","A69-9007-6152",185,NA,NA,"ADC","2022-04-01 04:14:52","UTC",-80.79027,28.62344,"0101000020E6100000A3409FC8933254C0AB048BC3999F3C40",2022,4,1,91,4.24777777777778,"Titusville","","Fusco, K., et al. 2021.","HCTSA-A69-9007-6152-68534","Kirk Fusco (kirk.fusco@floridadep.gov)","Kirk Fusco (kirk.fusco@floridadep.gov)"
"HCTS","HCTS-A69-9007-6152-2022-03-31","Limulus polyphemus","horseshoe crab","2023-10-18","HCTSA","HCTSA","487550-SE","487550",1.2,0.3,"A69-9007-6152","A69-9007","A69-9007-6152",185,NA,NA,"ADC","2022-04-01 04:14:53","UTC",-80.78626,28.6223,"0101000020E6100000CA897615523254C0014D840D4F9F3C40",2022,4,1,91,4.24805555555556,"Titusville","","Fusco, K., et al. 2021.","HCTSA-A69-9007-6152-68537","Kirk Fusco (kirk.fusco@floridadep.gov)","Kirk Fusco (kirk.fusco@floridadep.gov)"
"HCTS","HCTS-A69-9007-6152-2022-03-31","Limulus polyphemus","horseshoe crab","2023-10-18","HCTSA","HCTSA","487549-NE","487549",1.2,0.3,"A69-9007-6152","A69-9007","A69-9007-6152",185,NA,NA,"ADC","2022-04-01 04:18:20","UTC",-80.78791,28.62577,"0101000020E61000003F8C101E6D3254C063D1747632A03C40",2022,4,1,91,4.30555555555556,"Titusville","","Fusco, K., et al. 2021.","HCTSA-A69-9007-6152-68540","Kirk Fusco (kirk.fusco@floridadep.gov)","Kirk Fusco (kirk.fusco@floridadep.gov)"
"HCTS","HCTS-A69-9007-6152-2022-03-31","Limulus polyphemus","horseshoe crab","2023-10-18","HCTSA","HCTSA","487551-W","487551",1.2,0.3,"A69-9007-6152","A69-9007","A69-9007-6152",185,NA,NA,"ADC","2022-04-01 04:18:20","UTC",-80.79027,28.62344,"0101000020E6100000A3409FC8933254C0AB048BC3999F3C40",2022,4,1,91,4.30555555555556,"Titusville","","Fusco, K., et al. 2021.","HCTSA-A69-9007-6152-68542","Kirk Fusco (kirk.fusco@floridadep.gov)","Kirk Fusco (kirk.fusco@floridadep.gov)"
"HCTS","HCTS-A69-9007-6152-2022-03-31","Limulus polyphemus","horseshoe crab","2023-10-18","HCTSA","HCTSA","487550-SE","487550",1.2,0.3,"A69-9007-6152","A69-9007","A69-9007-6152",185,NA,NA,"ADC","2022-04-01 04:18:21","UTC",-80.78626,28.6223,"0101000020E6100000CA897615523254C0014D840D4F9F3C40",2022,4,1,91,4.30583333333333,"Titusville","","Fusco, K., et al. 2021.","HCTSA-A69-9007-6152-68544","Kirk Fusco (kirk.fusco@floridadep.gov)","Kirk Fusco (kirk.fusco@floridadep.gov)"
"HCTS","HCTS-A69-9007-6152-2022-03-31","Limulus polyphemus","horseshoe crab","2023-10-18","HCTSA","HCTSA","487551-W","487551",1.2,0.3,"A69-9007-6152","A69-9007","A69-9007-6152",185,NA,NA,"ADC","2022-04-01 04:26:14","UTC",-80.79027,28.62344,"0101000020E6100000A3409FC8933254C0AB048BC3999F3C40",2022,4,1,91,4.43722222222222,"Titusville","","Fusco, K., et al. 2021.","HCTSA-A69-9007-6152-68557","Kirk Fusco (kirk.fusco@floridadep.gov)","Kirk Fusco (kirk.fusco@floridadep.gov)"
"HCTS","HCTS-A69-9007-6152-2022-03-31","Limulus polyphemus","horseshoe crab","2023-10-18","HCTSA","HCTSA","487549-NE","487549",1.2,0.3,"A69-9007-6152","A69-9007","A69-9007-6152",184,NA,NA,"ADC","2022-04-01 04:42:19","UTC",-80.78791,28.62577,"0101000020E61000003F8C101E6D3254C063D1747632A03C40",2022,4,1,91,4.70527777777778,"Titusville","","Fusco, K., et al. 2021.","HCTSA-A69-9007-6152-68584","Kirk Fusco (kirk.fusco@floridadep.gov)","Kirk Fusco (kirk.fusco@floridadep.gov)"
"HCTS","HCTS-A69-9007-6152-2022-03-31","Limulus polyphemus","horseshoe crab","2023-10-18","HCTSA","HCTSA","487551-W","487551",1.2,0.3,"A69-9007-6152","A69-9007","A69-9007-6152",184,NA,NA,"ADC","2022-04-01 04:42:20","UTC",-80.79027,28.62344,"0101000020E6100000A3409FC8933254C0AB048BC3999F3C40",2022,4,1,91,4.70555555555556,"Titusville","","Fusco, K., et al. 2021.","HCTSA-A69-9007-6152-68585","Kirk Fusco (kirk.fusco@floridadep.gov)","Kirk Fusco (kirk.fusco@floridadep.gov)"
"HCTS","HCTS-A69-9007-6152-2022-03-31","Limulus polyphemus","horseshoe crab","2023-10-18","HCTSA","HCTSA","487550-SE","487550",1.2,0.3,"A69-9007-6152","A69-9007","A69-9007-6152",184,NA,NA,"ADC","2022-04-01 04:42:21","UTC",-80.78626,28.6223,"0101000020E6100000CA897615523254C0014D840D4F9F3C40",2022,4,1,91,4.70583333333333,"Titusville","","Fusco, K., et al. 2021.","HCTSA-A69-9007-6152-68587","Kirk Fusco (kirk.fusco@floridadep.gov)","Kirk Fusco (kirk.fusco@floridadep.gov)"
"HCTS","HCTS-A69-9007-6152-2022-03-31","Limulus polyphemus","horseshoe crab","2023-10-18","HCTSA","HCTSA","487549-NE","487549",1.2,0.3,"A69-9007-6152","A69-9007","A69-9007-6152",184,NA,NA,"ADC","2022-04-01 04:47:13","UTC",-80.78791,28.62577,"0101000020E61000003F8C101E6D3254C063D1747632A03C40",2022,4,1,91,4.78694444444444,"Titusville","","Fusco, K., et al. 2021.","HCTSA-A69-9007-6152-68593","Kirk Fusco (kirk.fusco@floridadep.gov)","Kirk Fusco (kirk.fusco@floridadep.gov)"
"HCTS","HCTS-A69-9007-6152-2022-03-31","Limulus polyphemus","horseshoe crab","2023-10-18","HCTSA","HCTSA","487551-W","487551",1.2,0.3,"A69-9007-6152","A69-9007","A69-9007-6152",184,NA,NA,"ADC","2022-04-01 04:47:14","UTC",-80.79027,28.62344,"0101000020E6100000A3409FC8933254C0AB048BC3999F3C40",2022,4,1,91,4.78722222222222,"Titusville","","Fusco, K., et al. 2021.","HCTSA-A69-9007-6152-68594","Kirk Fusco (kirk.fusco@floridadep.gov)","Kirk Fusco (kirk.fusco@floridadep.gov)"
"HCTS","HCTS-A69-9007-6152-2022-03-31","Limulus polyphemus","horseshoe crab","2023-10-18","HCTSA","HCTSA","487551-W","487551",1.2,0.3,"A69-9007-6152","A69-9007","A69-9007-6152",184,NA,NA,"ADC","2022-04-01 04:52:07","UTC",-80.79027,28.62344,"0101000020E6100000A3409FC8933254C0AB048BC3999F3C40",2022,4,1,91,4.86861111111111,"Titusville","","Fusco, K., et al. 2021.","HCTSA-A69-9007-6152-68603","Kirk Fusco (kirk.fusco@floridadep.gov)","Kirk Fusco (kirk.fusco@floridadep.gov)"
"HCTS","HCTS-A69-9007-6152-2022-03-31","Limulus polyphemus","horseshoe crab","2023-10-18","HCTSA","HCTSA","487549-NE","487549",1.2,0.3,"A69-9007-6152","A69-9007","A69-9007-6152",184,NA,NA,"ADC","2022-04-01 04:52:07","UTC",-80.78791,28.62577,"0101000020E61000003F8C101E6D3254C063D1747632A03C40",2022,4,1,91,4.86861111111111,"Titusville","","Fusco, K., et al. 2021.","HCTSA-A69-9007-6152-68602","Kirk Fusco (kirk.fusco@floridadep.gov)","Kirk Fusco (kirk.fusco@floridadep.gov)"
"HCTS","HCTS-A69-9007-6152-2022-03-31","Limulus polyphemus","horseshoe crab","2023-10-18","HCTSA","HCTSA","487550-SE","487550",1.2,0.3,"A69-9007-6152","A69-9007","A69-9007-6152",184,NA,NA,"ADC","2022-04-01 04:52:08","UTC",-80.78626,28.6223,"0101000020E6100000CA897615523254C0014D840D4F9F3C40",2022,4,1,91,4.86888888888889,"Titusville","","Fusco, K., et al. 2021.","HCTSA-A69-9007-6152-68606","Kirk Fusco (kirk.fusco@floridadep.gov)","Kirk Fusco (kirk.fusco@floridadep.gov)"
"HCTS","HCTS-A69-9007-6152-2022-03-31","Limulus polyphemus","horseshoe crab","2023-10-18","HCTSA","HCTSA","487549-NE","487549",1.2,0.3,"A69-9007-6152","A69-9007","A69-9007-6152",184,NA,NA,"ADC","2022-04-01 05:11:18","UTC",-80.78791,28.62577,"0101000020E61000003F8C101E6D3254C063D1747632A03C40",2022,4,1,91,5.18833333333333,"Titusville","","Fusco, K., et al. 2021.","HCTSA-A69-9007-6152-68646","Kirk Fusco (kirk.fusco@floridadep.gov)","Kirk Fusco (kirk.fusco@floridadep.gov)"
"HCTS","HCTS-A69-9007-6152-2022-03-31","Limulus polyphemus","horseshoe crab","2023-10-18","HCTSA","HCTSA","487549-NE","487549",1.2,0.3,"A69-9007-6152","A69-9007","A69-9007-6152",184,NA,NA,"ADC","2022-04-01 05:19:39","UTC",-80.78791,28.62577,"0101000020E61000003F8C101E6D3254C063D1747632A03C40",2022,4,1,91,5.3275,"Titusville","","Fusco, K., et al. 2021.","HCTSA-A69-9007-6152-68667","Kirk Fusco (kirk.fusco@floridadep.gov)","Kirk Fusco (kirk.fusco@floridadep.gov)"
"HCTS","HCTS-A69-9007-6152-2022-03-31","Limulus polyphemus","horseshoe crab","2023-10-18","HCTSA","HCTSA","487549-NE","487549",1.2,0.3,"A69-9007-6152","A69-9007","A69-9007-6152",184,NA,NA,"ADC","2022-04-01 05:36:21","UTC",-80.78791,28.62577,"0101000020E61000003F8C101E6D3254C063D1747632A03C40",2022,4,1,91,5.60583333333333,"Titusville","","Fusco, K., et al. 2021.","HCTSA-A69-9007-6152-68698","Kirk Fusco (kirk.fusco@floridadep.gov)","Kirk Fusco (kirk.fusco@floridadep.gov)"
"HCTS","HCTS-A69-9007-6152-2022-03-31","Limulus polyphemus","horseshoe crab","2023-10-18","HCTSA","HCTSA","487549-NE","487549",1.2,0.3,"A69-9007-6152","A69-9007","A69-9007-6152",184,NA,NA,"ADC","2022-04-01 05:43:09","UTC",-80.78791,28.62577,"0101000020E61000003F8C101E6D3254C063D1747632A03C40",2022,4,1,91,5.71916666666667,"Titusville","","Fusco, K., et al. 2021.","HCTSA-A69-9007-6152-68711","Kirk Fusco (kirk.fusco@floridadep.gov)","Kirk Fusco (kirk.fusco@floridadep.gov)"
"HCTS","HCTS-A69-9007-6152-2022-03-31","Limulus polyphemus","horseshoe crab","2023-10-18","HCTSA","HCTSA","487549-NE","487549",1.2,0.3,"A69-9007-6152","A69-9007","A69-9007-6152",184,NA,NA,"ADC","2022-04-01 05:50:52","UTC",-80.78791,28.62577,"0101000020E61000003F8C101E6D3254C063D1747632A03C40",2022,4,1,91,5.84777777777778,"Titusville","","Fusco, K., et al. 2021.","HCTSA-A69-9007-6152-68723","Kirk Fusco (kirk.fusco@floridadep.gov)","Kirk Fusco (kirk.fusco@floridadep.gov)"
"HCTS","HCTS-A69-9007-6152-2022-03-31","Limulus polyphemus","horseshoe crab","2023-10-18","HCTSA","HCTSA","487551-W","487551",1.2,0.3,"A69-9007-6152","A69-9007","A69-9007-6152",184,NA,NA,"ADC","2022-04-01 06:05:20","UTC",-80.79027,28.62344,"0101000020E6100000A3409FC8933254C0AB048BC3999F3C40",2022,4,1,91,6.08888888888889,"Titusville","","Fusco, K., et al. 2021.","HCTSA-A69-9007-6152-68756","Kirk Fusco (kirk.fusco@floridadep.gov)","Kirk Fusco (kirk.fusco@floridadep.gov)"
"HCTS","HCTS-A69-9007-6152-2022-03-31","Limulus polyphemus","horseshoe crab","2023-10-18","HCTSA","HCTSA","487550-SE","487550",1.2,0.3,"A69-9007-6152","A69-9007","A69-9007-6152",184,NA,NA,"ADC","2022-04-01 06:05:21","UTC",-80.78626,28.6223,"0101000020E6100000CA897615523254C0014D840D4F9F3C40",2022,4,1,91,6.08916666666667,"Titusville","","Fusco, K., et al. 2021.","HCTSA-A69-9007-6152-68760","Kirk Fusco (kirk.fusco@floridadep.gov)","Kirk Fusco (kirk.fusco@floridadep.gov)"
"HCTS","HCTS-A69-9007-6152-2022-03-31","Limulus polyphemus","horseshoe crab","2023-10-18","HCTSA","HCTSA","487549-NE","487549",1.2,0.3,"A69-9007-6152","A69-9007","A69-9007-6152",184,NA,NA,"ADC","2022-04-01 06:09:57","UTC",-80.78791,28.62577,"0101000020E61000003F8C101E6D3254C063D1747632A03C40",2022,4,1,91,6.16583333333333,"Titusville","","Fusco, K., et al. 2021.","HCTSA-A69-9007-6152-68768","Kirk Fusco (kirk.fusco@floridadep.gov)","Kirk Fusco (kirk.fusco@floridadep.gov)"
"HCTS","HCTS-A69-9007-6152-2022-03-31","Limulus polyphemus","horseshoe crab","2023-10-18","HCTSA","HCTSA","487551-W","487551",1.2,0.3,"A69-9007-6152","A69-9007","A69-9007-6152",184,NA,NA,"ADC","2022-04-01 06:09:57","UTC",-80.79027,28.62344,"0101000020E6100000A3409FC8933254C0AB048BC3999F3C40",2022,4,1,91,6.16583333333333,"Titusville","","Fusco, K., et al. 2021.","HCTSA-A69-9007-6152-68769","Kirk Fusco (kirk.fusco@floridadep.gov)","Kirk Fusco (kirk.fusco@floridadep.gov)"
"HCTS","HCTS-A69-9007-6152-2022-03-31","Limulus polyphemus","horseshoe crab","2023-10-18","HCTSA","HCTSA","487551-W","487551",1.2,0.3,"A69-9007-6152","A69-9007","A69-9007-6152",184,NA,NA,"ADC","2022-04-01 06:14:16","UTC",-80.79027,28.62344,"0101000020E6100000A3409FC8933254C0AB048BC3999F3C40",2022,4,1,91,6.23777777777778,"Titusville","","Fusco, K., et al. 2021.","HCTSA-A69-9007-6152-68776","Kirk Fusco (kirk.fusco@floridadep.gov)","Kirk Fusco (kirk.fusco@floridadep.gov)"
"HCTS","HCTS-A69-9007-6152-2022-03-31","Limulus polyphemus","horseshoe crab","2023-10-18","HCTSA","HCTSA","487551-W","487551",1.2,0.3,"A69-9007-6152","A69-9007","A69-9007-6152",183,NA,NA,"ADC","2022-04-01 06:18:00","UTC",-80.79027,28.62344,"0101000020E6100000A3409FC8933254C0AB048BC3999F3C40",2022,4,1,91,6.3,"Titusville","","Fusco, K., et al. 2021.","HCTSA-A69-9007-6152-68785","Kirk Fusco (kirk.fusco@floridadep.gov)","Kirk Fusco (kirk.fusco@floridadep.gov)"
"HCTS","HCTS-A69-9007-6152-2022-03-31","Limulus polyphemus","horseshoe crab","2023-10-18","HCTSA","HCTSA","487551-W","487551",1.2,0.3,"A69-9007-6152","A69-9007","A69-9007-6152",183,NA,NA,"ADC","2022-04-01 06:22:12","UTC",-80.79027,28.62344,"0101000020E6100000A3409FC8933254C0AB048BC3999F3C40",2022,4,1,91,6.37,"Titusville","","Fusco, K., et al. 2021.","HCTSA-A69-9007-6152-68791","Kirk Fusco (kirk.fusco@floridadep.gov)","Kirk Fusco (kirk.fusco@floridadep.gov)"
"HCTS","HCTS-A69-9007-6152-2022-03-31","Limulus polyphemus","horseshoe crab","2023-10-18","HCTSA","HCTSA","487551-W","487551",1.2,0.3,"A69-9007-6152","A69-9007","A69-9007-6152",184,NA,NA,"ADC","2022-04-01 06:25:43","UTC",-80.79027,28.62344,"0101000020E6100000A3409FC8933254C0AB048BC3999F3C40",2022,4,1,91,6.42861111111111,"Titusville","","Fusco, K., et al. 2021.","HCTSA-A69-9007-6152-68801","Kirk Fusco (kirk.fusco@floridadep.gov)","Kirk Fusco (kirk.fusco@floridadep.gov)"
"HCTS","HCTS-A69-9007-6152-2022-03-31","Limulus polyphemus","horseshoe crab","2023-10-18","HCTSA","HCTSA","487551-W","487551",1.2,0.3,"A69-9007-6152","A69-9007","A69-9007-6152",184,NA,NA,"ADC","2022-04-01 06:29:31","UTC",-80.79027,28.62344,"0101000020E6100000A3409FC8933254C0AB048BC3999F3C40",2022,4,1,91,6.49194444444444,"Titusville","","Fusco, K., et al. 2021.","HCTSA-A69-9007-6152-68809","Kirk Fusco (kirk.fusco@floridadep.gov)","Kirk Fusco (kirk.fusco@floridadep.gov)"
"HCTS","HCTS-A69-9007-6152-2022-03-31","Limulus polyphemus","horseshoe crab","2023-10-18","HCTSA","HCTSA","487551-W","487551",1.2,0.3,"A69-9007-6152","A69-9007","A69-9007-6152",184,NA,NA,"ADC","2022-04-01 06:33:51","UTC",-80.79027,28.62344,"0101000020E6100000A3409FC8933254C0AB048BC3999F3C40",2022,4,1,91,6.56416666666667,"Titusville","","Fusco, K., et al. 2021.","HCTSA-A69-9007-6152-68817","Kirk Fusco (kirk.fusco@floridadep.gov)","Kirk Fusco (kirk.fusco@floridadep.gov)"
"HCTS","HCTS-A69-9007-6152-2022-03-31","Limulus polyphemus","horseshoe crab","2023-10-18","HCTSA","HCTSA","487549-NE","487549",1.2,0.3,"A69-9007-6152","A69-9007","A69-9007-6152",183,NA,NA,"ADC","2022-04-01 07:12:38","UTC",-80.78791,28.62577,"0101000020E61000003F8C101E6D3254C063D1747632A03C40",2022,4,1,91,7.21055555555556,"Titusville","","Fusco, K., et al. 2021.","HCTSA-A69-9007-6152-68853","Kirk Fusco (kirk.fusco@floridadep.gov)","Kirk Fusco (kirk.fusco@floridadep.gov)"
"HCTS","HCTS-A69-9007-6152-2022-03-31","Limulus polyphemus","horseshoe crab","2023-10-18","HCTSA","HCTSA","487551-W","487551",1.2,0.3,"A69-9007-6152","A69-9007","A69-9007-6152",183,NA,NA,"ADC","2022-04-01 07:12:38","UTC",-80.79027,28.62344,"0101000020E6100000A3409FC8933254C0AB048BC3999F3C40",2022,4,1,91,7.21055555555556,"Titusville","","Fusco, K., et al. 2021.","HCTSA-A69-9007-6152-68854","Kirk Fusco (kirk.fusco@floridadep.gov)","Kirk Fusco (kirk.fusco@floridadep.gov)"
"HCTS","HCTS-A69-9007-6152-2022-03-31","Limulus polyphemus","horseshoe crab","2023-10-18","HCTSA","HCTSA","487549-NE","487549",1.2,0.3,"A69-9007-6152","A69-9007","A69-9007-6152",184,NA,NA,"ADC","2022-04-01 07:16:00","UTC",-80.78791,28.62577,"0101000020E61000003F8C101E6D3254C063D1747632A03C40",2022,4,1,91,7.26666666666667,"Titusville","","Fusco, K., et al. 2021.","HCTSA-A69-9007-6152-68859","Kirk Fusco (kirk.fusco@floridadep.gov)","Kirk Fusco (kirk.fusco@floridadep.gov)"
"HCTS","HCTS-A69-9007-6152-2022-03-31","Limulus polyphemus","horseshoe crab","2023-10-18","HCTSA","HCTSA","487551-W","487551",1.2,0.3,"A69-9007-6152","A69-9007","A69-9007-6152",184,NA,NA,"ADC","2022-04-01 07:19:29","UTC",-80.79027,28.62344,"0101000020E6100000A3409FC8933254C0AB048BC3999F3C40",2022,4,1,91,7.32472222222222,"Titusville","","Fusco, K., et al. 2021.","HCTSA-A69-9007-6152-68866","Kirk Fusco (kirk.fusco@floridadep.gov)","Kirk Fusco (kirk.fusco@floridadep.gov)"
"HCTS","HCTS-A69-9007-6152-2022-03-31","Limulus polyphemus","horseshoe crab","2023-10-18","HCTSA","HCTSA","487551-W","487551",1.2,0.3,"A69-9007-6152","A69-9007","A69-9007-6152",184,NA,NA,"ADC","2022-04-01 07:27:25","UTC",-80.79027,28.62344,"0101000020E6100000A3409FC8933254C0AB048BC3999F3C40",2022,4,1,91,7.45694444444444,"Titusville","","Fusco, K., et al. 2021.","HCTSA-A69-9007-6152-68884","Kirk Fusco (kirk.fusco@floridadep.gov)","Kirk Fusco (kirk.fusco@floridadep.gov)"
"HCTS","HCTS-A69-9007-6152-2022-03-31","Limulus polyphemus","horseshoe crab","2023-10-18","HCTSA","HCTSA","487549-NE","487549",1.2,0.3,"A69-9007-6152","A69-9007","A69-9007-6152",184,NA,NA,"ADC","2022-04-01 07:30:55","UTC",-80.78791,28.62577,"0101000020E61000003F8C101E6D3254C063D1747632A03C40",2022,4,1,91,7.51527777777778,"Titusville","","Fusco, K., et al. 2021.","HCTSA-A69-9007-6152-68890","Kirk Fusco (kirk.fusco@floridadep.gov)","Kirk Fusco (kirk.fusco@floridadep.gov)"
"HCTS","HCTS-A69-9007-6152-2022-03-31","Limulus polyphemus","horseshoe crab","2023-10-18","HCTSA","HCTSA","487549-NE","487549",1.2,0.3,"A69-9007-6152","A69-9007","A69-9007-6152",183,NA,NA,"ADC","2022-04-01 07:34:40","UTC",-80.78791,28.62577,"0101000020E61000003F8C101E6D3254C063D1747632A03C40",2022,4,1,91,7.57777777777778,"Titusville","","Fusco, K., et al. 2021.","HCTSA-A69-9007-6152-68894","Kirk Fusco (kirk.fusco@floridadep.gov)","Kirk Fusco (kirk.fusco@floridadep.gov)"
"HCTS","HCTS-A69-9007-6152-2022-03-31","Limulus polyphemus","horseshoe crab","2023-10-18","HCTSA","HCTSA","487549-NE","487549",1.2,0.3,"A69-9007-6152","A69-9007","A69-9007-6152",183,NA,NA,"ADC","2022-04-01 07:38:57","UTC",-80.78791,28.62577,"0101000020E61000003F8C101E6D3254C063D1747632A03C40",2022,4,1,91,7.64916666666667,"Titusville","","Fusco, K., et al. 2021.","HCTSA-A69-9007-6152-68906","Kirk Fusco (kirk.fusco@floridadep.gov)","Kirk Fusco (kirk.fusco@floridadep.gov)"
"HCTS","HCTS-A69-9007-6152-2022-03-31","Limulus polyphemus","horseshoe crab","2023-10-18","HCTSA","HCTSA","487549-NE","487549",1.2,0.3,"A69-9007-6152","A69-9007","A69-9007-6152",182,NA,NA,"ADC","2022-04-01 07:46:40","UTC",-80.78791,28.62577,"0101000020E61000003F8C101E6D3254C063D1747632A03C40",2022,4,1,91,7.77777777777778,"Titusville","","Fusco, K., et al. 2021.","HCTSA-A69-9007-6152-68915","Kirk Fusco (kirk.fusco@floridadep.gov)","Kirk Fusco (kirk.fusco@floridadep.gov)"
"HCTS","HCTS-A69-9007-6152-2022-03-31","Limulus polyphemus","horseshoe crab","2023-10-18","HCTSA","HCTSA","487549-NE","487549",1.2,0.3,"A69-9007-6152","A69-9007","A69-9007-6152",182,NA,NA,"ADC","2022-04-01 07:51:33","UTC",-80.78791,28.62577,"0101000020E61000003F8C101E6D3254C063D1747632A03C40",2022,4,1,91,7.85916666666667,"Titusville","","Fusco, K., et al. 2021.","HCTSA-A69-9007-6152-68919","Kirk Fusco (kirk.fusco@floridadep.gov)","Kirk Fusco (kirk.fusco@floridadep.gov)"
"HCTS","HCTS-A69-9007-6152-2022-03-31","Limulus polyphemus","horseshoe crab","2023-10-18","HCTSA","HCTSA","487549-NE","487549",1.2,0.3,"A69-9007-6152","A69-9007","A69-9007-6152",182,NA,NA,"ADC","2022-04-01 07:56:24","UTC",-80.78791,28.62577,"0101000020E61000003F8C101E6D3254C063D1747632A03C40",2022,4,1,91,7.94,"Titusville","","Fusco, K., et al. 2021.","HCTSA-A69-9007-6152-68926","Kirk Fusco (kirk.fusco@floridadep.gov)","Kirk Fusco (kirk.fusco@floridadep.gov)"
"HCTS","HCTS-A69-9007-6152-2022-03-31","Limulus polyphemus","horseshoe crab","2023-10-18","HCTSA","HCTSA","487549-NE","487549",1.2,0.3,"A69-9007-6152","A69-9007","A69-9007-6152",183,NA,NA,"ADC","2022-04-01 08:01:13","UTC",-80.78791,28.62577,"0101000020E61000003F8C101E6D3254C063D1747632A03C40",2022,4,1,91,8.02027777777778,"Titusville","","Fusco, K., et al. 2021.","HCTSA-A69-9007-6152-68933","Kirk Fusco (kirk.fusco@floridadep.gov)","Kirk Fusco (kirk.fusco@floridadep.gov)"
"HCTS","HCTS-A69-9007-6152-2022-03-31","Limulus polyphemus","horseshoe crab","2023-10-18","HCTSA","HCTSA","487549-NE","487549",1.2,0.3,"A69-9007-6152","A69-9007","A69-9007-6152",182,NA,NA,"ADC","2022-04-01 08:56:06","UTC",-80.78791,28.62577,"0101000020E61000003F8C101E6D3254C063D1747632A03C40",2022,4,1,91,8.935,"Titusville","","Fusco, K., et al. 2021.","HCTSA-A69-9007-6152-69007","Kirk Fusco (kirk.fusco@floridadep.gov)","Kirk Fusco (kirk.fusco@floridadep.gov)"
"HCTS","HCTS-A69-9007-6152-2022-03-31","Limulus polyphemus","horseshoe crab","2023-10-18","HCTSA","HCTSA","487550-SE","487550",1.2,0.3,"A69-9007-6152","A69-9007","A69-9007-6152",182,NA,NA,"ADC","2022-04-01 08:56:08","UTC",-80.78626,28.6223,"0101000020E6100000CA897615523254C0014D840D4F9F3C40",2022,4,1,91,8.93555555555556,"Titusville","","Fusco, K., et al. 2021.","HCTSA-A69-9007-6152-69008","Kirk Fusco (kirk.fusco@floridadep.gov)","Kirk Fusco (kirk.fusco@floridadep.gov)"
"HCTS","HCTS-A69-9007-6152-2022-03-31","Limulus polyphemus","horseshoe crab","2023-10-18","HCTSA","HCTSA","487549-NE","487549",1.2,0.3,"A69-9007-6152","A69-9007","A69-9007-6152",182,NA,NA,"ADC","2022-04-01 09:03:56","UTC",-80.78791,28.62577,"0101000020E61000003F8C101E6D3254C063D1747632A03C40",2022,4,1,91,9.06555555555556,"Titusville","","Fusco, K., et al. 2021.","HCTSA-A69-9007-6152-69018","Kirk Fusco (kirk.fusco@floridadep.gov)","Kirk Fusco (kirk.fusco@floridadep.gov)"
"HCTS","HCTS-A69-9007-6152-2022-03-31","Limulus polyphemus","horseshoe crab","2023-10-18","HCTSA","HCTSA","487549-NE","487549",1.2,0.3,"A69-9007-6152","A69-9007","A69-9007-6152",182,NA,NA,"ADC","2022-04-01 09:12:30","UTC",-80.78791,28.62577,"0101000020E61000003F8C101E6D3254C063D1747632A03C40",2022,4,1,91,9.20833333333333,"Titusville","","Fusco, K., et al. 2021.","HCTSA-A69-9007-6152-69031","Kirk Fusco (kirk.fusco@floridadep.gov)","Kirk Fusco (kirk.fusco@floridadep.gov)"
"HCTS","HCTS-A69-9007-6152-2022-03-31","Limulus polyphemus","horseshoe crab","2023-10-18","HCTSA","HCTSA","487549-NE","487549",1.2,0.3,"A69-9007-6152","A69-9007","A69-9007-6152",179,NA,NA,"ADC","2022-04-01 09:28:36","UTC",-80.78791,28.62577,"0101000020E61000003F8C101E6D3254C063D1747632A03C40",2022,4,1,91,9.47666666666667,"Titusville","","Fusco, K., et al. 2021.","HCTSA-A69-9007-6152-69047","Kirk Fusco (kirk.fusco@floridadep.gov)","Kirk Fusco (kirk.fusco@floridadep.gov)"
"HCTS","HCTS-A69-9007-6152-2022-03-31","Limulus polyphemus","horseshoe crab","2023-10-18","HCTSA","HCTSA","487551-W","487551",1.2,0.3,"A69-9007-6152","A69-9007","A69-9007-6152",179,NA,NA,"ADC","2022-04-01 09:28:37","UTC",-80.79027,28.62344,"0101000020E6100000A3409FC8933254C0AB048BC3999F3C40",2022,4,1,91,9.47694444444445,"Titusville","","Fusco, K., et al. 2021.","HCTSA-A69-9007-6152-69048","Kirk Fusco (kirk.fusco@floridadep.gov)","Kirk Fusco (kirk.fusco@floridadep.gov)"
"HCTS","HCTS-A69-9007-6152-2022-03-31","Limulus polyphemus","horseshoe crab","2023-10-18","HCTSA","HCTSA","487549-NE","487549",1.2,0.3,"A69-9007-6152","A69-9007","A69-9007-6152",178,NA,NA,"ADC","2022-04-01 09:32:45","UTC",-80.78791,28.62577,"0101000020E61000003F8C101E6D3254C063D1747632A03C40",2022,4,1,91,9.54583333333333,"Titusville","","Fusco, K., et al. 2021.","HCTSA-A69-9007-6152-69060","Kirk Fusco (kirk.fusco@floridadep.gov)","Kirk Fusco (kirk.fusco@floridadep.gov)"
"HCTS","HCTS-A69-9007-6152-2022-03-31","Limulus polyphemus","horseshoe crab","2023-10-18","HCTSA","HCTSA","487551-W","487551",1.2,0.3,"A69-9007-6152","A69-9007","A69-9007-6152",178,NA,NA,"ADC","2022-04-01 09:32:45","UTC",-80.79027,28.62344,"0101000020E6100000A3409FC8933254C0AB048BC3999F3C40",2022,4,1,91,9.54583333333333,"Titusville","","Fusco, K., et al. 2021.","HCTSA-A69-9007-6152-69061","Kirk Fusco (kirk.fusco@floridadep.gov)","Kirk Fusco (kirk.fusco@floridadep.gov)"
"HCTS","HCTS-A69-9007-6152-2022-03-31","Limulus polyphemus","horseshoe crab","2023-10-18","HCTSA","HCTSA","487549-NE","487549",1.2,0.3,"A69-9007-6152","A69-9007","A69-9007-6152",179,NA,NA,"ADC","2022-04-01 09:36:09","UTC",-80.78791,28.62577,"0101000020E61000003F8C101E6D3254C063D1747632A03C40",2022,4,1,91,9.6025,"Titusville","","Fusco, K., et al. 2021.","HCTSA-A69-9007-6152-69066","Kirk Fusco (kirk.fusco@floridadep.gov)","Kirk Fusco (kirk.fusco@floridadep.gov)"
"HCTS","HCTS-A69-9007-6152-2022-03-31","Limulus polyphemus","horseshoe crab","2023-10-18","HCTSA","HCTSA","487551-W","487551",1.2,0.3,"A69-9007-6152","A69-9007","A69-9007-6152",179,NA,NA,"ADC","2022-04-01 09:39:41","UTC",-80.79027,28.62344,"0101000020E6100000A3409FC8933254C0AB048BC3999F3C40",2022,4,1,91,9.66138888888889,"Titusville","","Fusco, K., et al. 2021.","HCTSA-A69-9007-6152-69079","Kirk Fusco (kirk.fusco@floridadep.gov)","Kirk Fusco (kirk.fusco@floridadep.gov)"
"HCTS","HCTS-A69-9007-6152-2022-03-31","Limulus polyphemus","horseshoe crab","2023-10-18","HCTSA","HCTSA","487549-NE","487549",1.2,0.3,"A69-9007-6152","A69-9007","A69-9007-6152",179,NA,NA,"ADC","2022-04-01 09:39:41","UTC",-80.78791,28.62577,"0101000020E61000003F8C101E6D3254C063D1747632A03C40",2022,4,1,91,9.66138888888889,"Titusville","","Fusco, K., et al. 2021.","HCTSA-A69-9007-6152-69078","Kirk Fusco (kirk.fusco@floridadep.gov)","Kirk Fusco (kirk.fusco@floridadep.gov)"
"HCTS","HCTS-A69-9007-6152-2022-03-31","Limulus polyphemus","horseshoe crab","2023-10-18","HCTSA","HCTSA","487549-NE","487549",1.2,0.3,"A69-9007-6152","A69-9007","A69-9007-6152",179,NA,NA,"ADC","2022-04-01 09:43:30","UTC",-80.78791,28.62577,"0101000020E61000003F8C101E6D3254C063D1747632A03C40",2022,4,1,91,9.725,"Titusville","","Fusco, K., et al. 2021.","HCTSA-A69-9007-6152-69088","Kirk Fusco (kirk.fusco@floridadep.gov)","Kirk Fusco (kirk.fusco@floridadep.gov)"
"HCTS","HCTS-A69-9007-6152-2022-03-31","Limulus polyphemus","horseshoe crab","2023-10-18","HCTSA","HCTSA","487551-W","487551",1.2,0.3,"A69-9007-6152","A69-9007","A69-9007-6152",179,NA,NA,"ADC","2022-04-01 09:43:30","UTC",-80.79027,28.62344,"0101000020E6100000A3409FC8933254C0AB048BC3999F3C40",2022,4,1,91,9.725,"Titusville","","Fusco, K., et al. 2021.","HCTSA-A69-9007-6152-69089","Kirk Fusco (kirk.fusco@floridadep.gov)","Kirk Fusco (kirk.fusco@floridadep.gov)"
"HCTS","HCTS-A69-9007-6152-2022-03-31","Limulus polyphemus","horseshoe crab","2023-10-18","HCTSA","HCTSA","487549-NE","487549",1.2,0.3,"A69-9007-6152","A69-9007","A69-9007-6152",179,NA,NA,"ADC","2022-04-01 09:47:52","UTC",-80.78791,28.62577,"0101000020E61000003F8C101E6D3254C063D1747632A03C40",2022,4,1,91,9.79777777777778,"Titusville","","Fusco, K., et al. 2021.","HCTSA-A69-9007-6152-69101","Kirk Fusco (kirk.fusco@floridadep.gov)","Kirk Fusco (kirk.fusco@floridadep.gov)"
"HCTS","HCTS-A69-9007-6152-2022-03-31","Limulus polyphemus","horseshoe crab","2023-10-18","HCTSA","HCTSA","487551-W","487551",1.2,0.3,"A69-9007-6152","A69-9007","A69-9007-6152",179,NA,NA,"ADC","2022-04-01 09:47:53","UTC",-80.79027,28.62344,"0101000020E6100000A3409FC8933254C0AB048BC3999F3C40",2022,4,1,91,9.79805555555556,"Titusville","","Fusco, K., et al. 2021.","HCTSA-A69-9007-6152-69103","Kirk Fusco (kirk.fusco@floridadep.gov)","Kirk Fusco (kirk.fusco@floridadep.gov)"
"HCTS","HCTS-A69-9007-6152-2022-03-31","Limulus polyphemus","horseshoe crab","2023-10-18","HCTSA","HCTSA","487551-W","487551",1.2,0.3,"A69-9007-6152","A69-9007","A69-9007-6152",179,NA,NA,"ADC","2022-04-01 09:51:43","UTC",-80.79027,28.62344,"0101000020E6100000A3409FC8933254C0AB048BC3999F3C40",2022,4,1,91,9.86194444444444,"Titusville","","Fusco, K., et al. 2021.","HCTSA-A69-9007-6152-69114","Kirk Fusco (kirk.fusco@floridadep.gov)","Kirk Fusco (kirk.fusco@floridadep.gov)"
"HCTS","HCTS-A69-9007-6152-2022-03-31","Limulus polyphemus","horseshoe crab","2023-10-18","HCTSA","HCTSA","487549-NE","487549",1.2,0.3,"A69-9007-6152","A69-9007","A69-9007-6152",179,NA,NA,"ADC","2022-04-01 09:56:09","UTC",-80.78791,28.62577,"0101000020E61000003F8C101E6D3254C063D1747632A03C40",2022,4,1,91,9.93583333333333,"Titusville","","Fusco, K., et al. 2021.","HCTSA-A69-9007-6152-69124","Kirk Fusco (kirk.fusco@floridadep.gov)","Kirk Fusco (kirk.fusco@floridadep.gov)"
"HCTS","HCTS-A69-9007-6152-2022-03-31","Limulus polyphemus","horseshoe crab","2023-10-18","HCTSA","HCTSA","487549-NE","487549",1.2,0.3,"A69-9007-6152","A69-9007","A69-9007-6152",179,NA,NA,"ADC","2022-04-01 10:00:06","UTC",-80.78791,28.62577,"0101000020E61000003F8C101E6D3254C063D1747632A03C40",2022,4,1,91,10.0016666666667,"Titusville","","Fusco, K., et al. 2021.","HCTSA-A69-9007-6152-69135","Kirk Fusco (kirk.fusco@floridadep.gov)","Kirk Fusco (kirk.fusco@floridadep.gov)"
"HCTS","HCTS-A69-9007-6152-2022-03-31","Limulus polyphemus","horseshoe crab","2023-10-18","HCTSA","HCTSA","487551-W","487551",1.2,0.3,"A69-9007-6152","A69-9007","A69-9007-6152",179,NA,NA,"ADC","2022-04-01 10:00:06","UTC",-80.79027,28.62344,"0101000020E6100000A3409FC8933254C0AB048BC3999F3C40",2022,4,1,91,10.0016666666667,"Titusville","","Fusco, K., et al. 2021.","HCTSA-A69-9007-6152-69136","Kirk Fusco (kirk.fusco@floridadep.gov)","Kirk Fusco (kirk.fusco@floridadep.gov)"
"HCTS","HCTS-A69-9007-6152-2022-03-31","Limulus polyphemus","horseshoe crab","2023-10-18","HCTSA","HCTSA","487550-SE","487550",1.2,0.3,"A69-9007-6152","A69-9007","A69-9007-6152",179,NA,NA,"ADC","2022-04-01 10:00:07","UTC",-80.78626,28.6223,"0101000020E6100000CA897615523254C0014D840D4F9F3C40",2022,4,1,91,10.0019444444444,"Titusville","","Fusco, K., et al. 2021.","HCTSA-A69-9007-6152-69142","Kirk Fusco (kirk.fusco@floridadep.gov)","Kirk Fusco (kirk.fusco@floridadep.gov)"
"HCTS","HCTS-A69-9007-6152-2022-03-31","Limulus polyphemus","horseshoe crab","2023-10-18","HCTSA","HCTSA","487551-W","487551",1.2,0.3,"A69-9007-6152","A69-9007","A69-9007-6152",179,NA,NA,"ADC","2022-04-01 10:04:45","UTC",-80.79027,28.62344,"0101000020E6100000A3409FC8933254C0AB048BC3999F3C40",2022,4,1,91,10.0791666666667,"Titusville","","Fusco, K., et al. 2021.","HCTSA-A69-9007-6152-69151","Kirk Fusco (kirk.fusco@floridadep.gov)","Kirk Fusco (kirk.fusco@floridadep.gov)"
"HCTS","HCTS-A69-9007-6152-2022-03-31","Limulus polyphemus","horseshoe crab","2023-10-18","HCTSA","HCTSA","487550-SE","487550",1.2,0.3,"A69-9007-6152","A69-9007","A69-9007-6152",179,NA,NA,"ADC","2022-04-01 10:04:46","UTC",-80.78626,28.6223,"0101000020E6100000CA897615523254C0014D840D4F9F3C40",2022,4,1,91,10.0794444444444,"Titusville","","Fusco, K., et al. 2021.","HCTSA-A69-9007-6152-69154","Kirk Fusco (kirk.fusco@floridadep.gov)","Kirk Fusco (kirk.fusco@floridadep.gov)"
"HCTS","HCTS-A69-9007-6152-2022-03-31","Limulus polyphemus","horseshoe crab","2023-10-18","HCTSA","HCTSA","487549-NE","487549",1.2,0.3,"A69-9007-6152","A69-9007","A69-9007-6152",179,NA,NA,"ADC","2022-04-01 10:09:07","UTC",-80.78791,28.62577,"0101000020E61000003F8C101E6D3254C063D1747632A03C40",2022,4,1,91,10.1519444444444,"Titusville","","Fusco, K., et al. 2021.","HCTSA-A69-9007-6152-69159","Kirk Fusco (kirk.fusco@floridadep.gov)","Kirk Fusco (kirk.fusco@floridadep.gov)"
"HCTS","HCTS-A69-9007-6152-2022-03-31","Limulus polyphemus","horseshoe crab","2023-10-18","HCTSA","HCTSA","487551-W","487551",1.2,0.3,"A69-9007-6152","A69-9007","A69-9007-6152",179,NA,NA,"ADC","2022-04-01 10:09:07","UTC",-80.79027,28.62344,"0101000020E6100000A3409FC8933254C0AB048BC3999F3C40",2022,4,1,91,10.1519444444444,"Titusville","","Fusco, K., et al. 2021.","HCTSA-A69-9007-6152-69160","Kirk Fusco (kirk.fusco@floridadep.gov)","Kirk Fusco (kirk.fusco@floridadep.gov)"
"HCTS","HCTS-A69-9007-6152-2022-03-31","Limulus polyphemus","horseshoe crab","2023-10-18","HCTSA","HCTSA","487550-SE","487550",1.2,0.3,"A69-9007-6152","A69-9007","A69-9007-6152",179,NA,NA,"ADC","2022-04-01 10:09:08","UTC",-80.78626,28.6223,"0101000020E6100000CA897615523254C0014D840D4F9F3C40",2022,4,1,91,10.1522222222222,"Titusville","","Fusco, K., et al. 2021.","HCTSA-A69-9007-6152-69163","Kirk Fusco (kirk.fusco@floridadep.gov)","Kirk Fusco (kirk.fusco@floridadep.gov)"
"HCTS","HCTS-A69-9007-6152-2022-03-31","Limulus polyphemus","horseshoe crab","2023-10-18","HCTSA","HCTSA","487551-W","487551",1.2,0.3,"A69-9007-6152","A69-9007","A69-9007-6152",179,NA,NA,"ADC","2022-04-01 10:12:58","UTC",-80.79027,28.62344,"0101000020E6100000A3409FC8933254C0AB048BC3999F3C40",2022,4,1,91,10.2161111111111,"Titusville","","Fusco, K., et al. 2021.","HCTSA-A69-9007-6152-69171","Kirk Fusco (kirk.fusco@floridadep.gov)","Kirk Fusco (kirk.fusco@floridadep.gov)"
"HCTS","HCTS-A69-9007-6152-2022-03-31","Limulus polyphemus","horseshoe crab","2023-10-18","HCTSA","HCTSA","487551-W","487551",1.2,0.3,"A69-9007-6152","A69-9007","A69-9007-6152",179,NA,NA,"ADC","2022-04-01 10:17:24","UTC",-80.79027,28.62344,"0101000020E6100000A3409FC8933254C0AB048BC3999F3C40",2022,4,1,91,10.29,"Titusville","","Fusco, K., et al. 2021.","HCTSA-A69-9007-6152-69176","Kirk Fusco (kirk.fusco@floridadep.gov)","Kirk Fusco (kirk.fusco@floridadep.gov)"
"HCTS","HCTS-A69-9007-6152-2022-03-31","Limulus polyphemus","horseshoe crab","2023-10-18","HCTSA","HCTSA","487551-W","487551",1.2,0.3,"A69-9007-6152","A69-9007","A69-9007-6152",180,NA,NA,"ADC","2022-04-01 10:21:20","UTC",-80.79027,28.62344,"0101000020E6100000A3409FC8933254C0AB048BC3999F3C40",2022,4,1,91,10.3555555555556,"Titusville","","Fusco, K., et al. 2021.","HCTSA-A69-9007-6152-69182","Kirk Fusco (kirk.fusco@floridadep.gov)","Kirk Fusco (kirk.fusco@floridadep.gov)"
"HCTS","HCTS-A69-9007-6152-2022-03-31","Limulus polyphemus","horseshoe crab","2023-10-18","HCTSA","HCTSA","487551-W","487551",1.2,0.3,"A69-9007-6152","A69-9007","A69-9007-6152",180,NA,NA,"ADC","2022-04-01 10:25:57","UTC",-80.79027,28.62344,"0101000020E6100000A3409FC8933254C0AB048BC3999F3C40",2022,4,1,91,10.4325,"Titusville","","Fusco, K., et al. 2021.","HCTSA-A69-9007-6152-69186","Kirk Fusco (kirk.fusco@floridadep.gov)","Kirk Fusco (kirk.fusco@floridadep.gov)"
"HCTS","HCTS-A69-9007-6152-2022-03-31","Limulus polyphemus","horseshoe crab","2023-10-18","HCTSA","HCTSA","487551-W","487551",1.2,0.3,"A69-9007-6152","A69-9007","A69-9007-6152",179,NA,NA,"ADC","2022-04-01 10:34:04","UTC",-80.79027,28.62344,"0101000020E6100000A3409FC8933254C0AB048BC3999F3C40",2022,4,1,91,10.5677777777778,"Titusville","","Fusco, K., et al. 2021.","HCTSA-A69-9007-6152-69198","Kirk Fusco (kirk.fusco@floridadep.gov)","Kirk Fusco (kirk.fusco@floridadep.gov)"
"HCTS","HCTS-A69-9007-6152-2022-03-31","Limulus polyphemus","horseshoe crab","2023-10-18","HCTSA","HCTSA","487550-SE","487550",1.2,0.3,"A69-9007-6152","A69-9007","A69-9007-6152",180,NA,NA,"ADC","2022-04-01 10:38:24","UTC",-80.78626,28.6223,"0101000020E6100000CA897615523254C0014D840D4F9F3C40",2022,4,1,91,10.64,"Titusville","","Fusco, K., et al. 2021.","HCTSA-A69-9007-6152-69202","Kirk Fusco (kirk.fusco@floridadep.gov)","Kirk Fusco (kirk.fusco@floridadep.gov)"
"HCTS","HCTS-A69-9007-6152-2022-03-31","Limulus polyphemus","horseshoe crab","2023-10-18","HCTSA","HCTSA","487550-SE","487550",1.2,0.3,"A69-9007-6152","A69-9007","A69-9007-6152",180,NA,NA,"ADC","2022-04-01 10:42:06","UTC",-80.78626,28.6223,"0101000020E6100000CA897615523254C0014D840D4F9F3C40",2022,4,1,91,10.7016666666667,"Titusville","","Fusco, K., et al. 2021.","HCTSA-A69-9007-6152-69208","Kirk Fusco (kirk.fusco@floridadep.gov)","Kirk Fusco (kirk.fusco@floridadep.gov)"
"HCTS","HCTS-A69-9007-6152-2022-03-31","Limulus polyphemus","horseshoe crab","2023-10-18","HCTSA","HCTSA","487551-W","487551",1.2,0.3,"A69-9007-6152","A69-9007","A69-9007-6152",180,NA,NA,"ADC","2022-04-01 10:46:16","UTC",-80.79027,28.62344,"0101000020E6100000A3409FC8933254C0AB048BC3999F3C40",2022,4,1,91,10.7711111111111,"Titusville","","Fusco, K., et al. 2021.","HCTSA-A69-9007-6152-69212","Kirk Fusco (kirk.fusco@floridadep.gov)","Kirk Fusco (kirk.fusco@floridadep.gov)"
"HCTS","HCTS-A69-9007-6152-2022-03-31","Limulus polyphemus","horseshoe crab","2023-10-18","HCTSA","HCTSA","487550-SE","487550",1.2,0.3,"A69-9007-6152","A69-9007","A69-9007-6152",180,NA,NA,"ADC","2022-04-01 10:46:17","UTC",-80.78626,28.6223,"0101000020E6100000CA897615523254C0014D840D4F9F3C40",2022,4,1,91,10.7713888888889,"Titusville","","Fusco, K., et al. 2021.","HCTSA-A69-9007-6152-69215","Kirk Fusco (kirk.fusco@floridadep.gov)","Kirk Fusco (kirk.fusco@floridadep.gov)"
"HCTS","HCTS-A69-9007-6152-2022-03-31","Limulus polyphemus","horseshoe crab","2023-10-18","HCTSA","HCTSA","487551-W","487551",1.2,0.3,"A69-9007-6152","A69-9007","A69-9007-6152",180,NA,NA,"ADC","2022-04-01 10:49:43","UTC",-80.79027,28.62344,"0101000020E6100000A3409FC8933254C0AB048BC3999F3C40",2022,4,1,91,10.8286111111111,"Titusville","","Fusco, K., et al. 2021.","HCTSA-A69-9007-6152-69218","Kirk Fusco (kirk.fusco@floridadep.gov)","Kirk Fusco (kirk.fusco@floridadep.gov)"
"HCTS","HCTS-A69-9007-6152-2022-03-31","Limulus polyphemus","horseshoe crab","2023-10-18","HCTSA","HCTSA","487550-SE","487550",1.2,0.3,"A69-9007-6152","A69-9007","A69-9007-6152",180,NA,NA,"ADC","2022-04-01 10:49:44","UTC",-80.78626,28.6223,"0101000020E6100000CA897615523254C0014D840D4F9F3C40",2022,4,1,91,10.8288888888889,"Titusville","","Fusco, K., et al. 2021.","HCTSA-A69-9007-6152-69223","Kirk Fusco (kirk.fusco@floridadep.gov)","Kirk Fusco (kirk.fusco@floridadep.gov)"
"HCTS","HCTS-A69-9007-6152-2022-03-31","Limulus polyphemus","horseshoe crab","2023-10-18","HCTSA","HCTSA","487551-W","487551",1.2,0.3,"A69-9007-6152","A69-9007","A69-9007-6152",180,NA,NA,"ADC","2022-04-01 10:53:22","UTC",-80.79027,28.62344,"0101000020E6100000A3409FC8933254C0AB048BC3999F3C40",2022,4,1,91,10.8894444444444,"Titusville","","Fusco, K., et al. 2021.","HCTSA-A69-9007-6152-69230","Kirk Fusco (kirk.fusco@floridadep.gov)","Kirk Fusco (kirk.fusco@floridadep.gov)"
"HCTS","HCTS-A69-9007-6152-2022-03-31","Limulus polyphemus","horseshoe crab","2023-10-18","HCTSA","HCTSA","487550-SE","487550",1.2,0.3,"A69-9007-6152","A69-9007","A69-9007-6152",180,NA,NA,"ADC","2022-04-01 10:53:23","UTC",-80.78626,28.6223,"0101000020E6100000CA897615523254C0014D840D4F9F3C40",2022,4,1,91,10.8897222222222,"Titusville","","Fusco, K., et al. 2021.","HCTSA-A69-9007-6152-69232","Kirk Fusco (kirk.fusco@floridadep.gov)","Kirk Fusco (kirk.fusco@floridadep.gov)"
"HCTS","HCTS-A69-9007-6152-2022-03-31","Limulus polyphemus","horseshoe crab","2023-10-18","HCTSA","HCTSA","487551-W","487551",1.2,0.3,"A69-9007-6152","A69-9007","A69-9007-6152",180,NA,NA,"ADC","2022-04-01 10:57:26","UTC",-80.79027,28.62344,"0101000020E6100000A3409FC8933254C0AB048BC3999F3C40",2022,4,1,91,10.9572222222222,"Titusville","","Fusco, K., et al. 2021.","HCTSA-A69-9007-6152-69238","Kirk Fusco (kirk.fusco@floridadep.gov)","Kirk Fusco (kirk.fusco@floridadep.gov)"
"HCTS","HCTS-A69-9007-6152-2022-03-31","Limulus polyphemus","horseshoe crab","2023-10-18","HCTSA","HCTSA","487549-NE","487549",1.2,0.3,"A69-9007-6152","A69-9007","A69-9007-6152",180,NA,NA,"ADC","2022-04-01 10:57:26","UTC",-80.78791,28.62577,"0101000020E61000003F8C101E6D3254C063D1747632A03C40",2022,4,1,91,10.9572222222222,"Titusville","","Fusco, K., et al. 2021.","HCTSA-A69-9007-6152-69237","Kirk Fusco (kirk.fusco@floridadep.gov)","Kirk Fusco (kirk.fusco@floridadep.gov)"
"HCTS","HCTS-A69-9007-6152-2022-03-31","Limulus polyphemus","horseshoe crab","2023-10-18","HCTSA","HCTSA","487551-W","487551",1.2,0.3,"A69-9007-6152","A69-9007","A69-9007-6152",180,NA,NA,"ADC","2022-04-01 11:02:19","UTC",-80.79027,28.62344,"0101000020E6100000A3409FC8933254C0AB048BC3999F3C40",2022,4,1,91,11.0386111111111,"Titusville","","Fusco, K., et al. 2021.","HCTSA-A69-9007-6152-69247","Kirk Fusco (kirk.fusco@floridadep.gov)","Kirk Fusco (kirk.fusco@floridadep.gov)"
"HCTS","HCTS-A69-9007-6152-2022-03-31","Limulus polyphemus","horseshoe crab","2023-10-18","HCTSA","HCTSA","487551-W","487551",1.2,0.3,"A69-9007-6152","A69-9007","A69-9007-6152",180,NA,NA,"ADC","2022-04-01 11:07:10","UTC",-80.79027,28.62344,"0101000020E6100000A3409FC8933254C0AB048BC3999F3C40",2022,4,1,91,11.1194444444444,"Titusville","","Fusco, K., et al. 2021.","HCTSA-A69-9007-6152-69257","Kirk Fusco (kirk.fusco@floridadep.gov)","Kirk Fusco (kirk.fusco@floridadep.gov)"
"HCTS","HCTS-A69-9007-6152-2022-03-31","Limulus polyphemus","horseshoe crab","2023-10-18","HCTSA","HCTSA","487550-SE","487550",1.2,0.3,"A69-9007-6152","A69-9007","A69-9007-6152",180,NA,NA,"ADC","2022-04-01 11:07:11","UTC",-80.78626,28.6223,"0101000020E6100000CA897615523254C0014D840D4F9F3C40",2022,4,1,91,11.1197222222222,"Titusville","","Fusco, K., et al. 2021.","HCTSA-A69-9007-6152-69259","Kirk Fusco (kirk.fusco@floridadep.gov)","Kirk Fusco (kirk.fusco@floridadep.gov)"
"HCTS","HCTS-A69-9007-6152-2022-03-31","Limulus polyphemus","horseshoe crab","2023-10-18","HCTSA","HCTSA","487551-W","487551",1.2,0.3,"A69-9007-6152","A69-9007","A69-9007-6152",180,NA,NA,"ADC","2022-04-01 11:11:59","UTC",-80.79027,28.62344,"0101000020E6100000A3409FC8933254C0AB048BC3999F3C40",2022,4,1,91,11.1997222222222,"Titusville","","Fusco, K., et al. 2021.","HCTSA-A69-9007-6152-69268","Kirk Fusco (kirk.fusco@floridadep.gov)","Kirk Fusco (kirk.fusco@floridadep.gov)"
"HCTS","HCTS-A69-9007-6152-2022-03-31","Limulus polyphemus","horseshoe crab","2023-10-18","HCTSA","HCTSA","487550-SE","487550",1.2,0.3,"A69-9007-6152","A69-9007","A69-9007-6152",180,NA,NA,"ADC","2022-04-01 11:12:00","UTC",-80.78626,28.6223,"0101000020E6100000CA897615523254C0014D840D4F9F3C40",2022,4,1,91,11.2,"Titusville","","Fusco, K., et al. 2021.","HCTSA-A69-9007-6152-69272","Kirk Fusco (kirk.fusco@floridadep.gov)","Kirk Fusco (kirk.fusco@floridadep.gov)"
"HCTS","HCTS-A69-9007-6152-2022-03-31","Limulus polyphemus","horseshoe crab","2023-10-18","HCTSA","HCTSA","487551-W","487551",1.2,0.3,"A69-9007-6152","A69-9007","A69-9007-6152",180,NA,NA,"ADC","2022-04-01 11:16:43","UTC",-80.79027,28.62344,"0101000020E6100000A3409FC8933254C0AB048BC3999F3C40",2022,4,1,91,11.2786111111111,"Titusville","","Fusco, K., et al. 2021.","HCTSA-A69-9007-6152-69275","Kirk Fusco (kirk.fusco@floridadep.gov)","Kirk Fusco (kirk.fusco@floridadep.gov)"
"HCTS","HCTS-A69-9007-6152-2022-03-31","Limulus polyphemus","horseshoe crab","2023-10-18","HCTSA","HCTSA","487551-W","487551",1.2,0.3,"A69-9007-6152","A69-9007","A69-9007-6152",180,NA,NA,"ADC","2022-04-01 11:21:15","UTC",-80.79027,28.62344,"0101000020E6100000A3409FC8933254C0AB048BC3999F3C40",2022,4,1,91,11.3541666666667,"Titusville","","Fusco, K., et al. 2021.","HCTSA-A69-9007-6152-69280","Kirk Fusco (kirk.fusco@floridadep.gov)","Kirk Fusco (kirk.fusco@floridadep.gov)"
"HCTS","HCTS-A69-9007-6152-2022-03-31","Limulus polyphemus","horseshoe crab","2023-10-18","HCTSA","HCTSA","487551-W","487551",1.2,0.3,"A69-9007-6152","A69-9007","A69-9007-6152",180,NA,NA,"ADC","2022-04-01 11:25:26","UTC",-80.79027,28.62344,"0101000020E6100000A3409FC8933254C0AB048BC3999F3C40",2022,4,1,91,11.4238888888889,"Titusville","","Fusco, K., et al. 2021.","HCTSA-A69-9007-6152-69283","Kirk Fusco (kirk.fusco@floridadep.gov)","Kirk Fusco (kirk.fusco@floridadep.gov)"
"HCTS","HCTS-A69-9007-6152-2022-03-31","Limulus polyphemus","horseshoe crab","2023-10-18","HCTSA","HCTSA","487551-W","487551",1.2,0.3,"A69-9007-6152","A69-9007","A69-9007-6152",180,NA,NA,"ADC","2022-04-01 11:36:32","UTC",-80.79027,28.62344,"0101000020E6100000A3409FC8933254C0AB048BC3999F3C40",2022,4,1,91,11.6088888888889,"Titusville","","Fusco, K., et al. 2021.","HCTSA-A69-9007-6152-69292","Kirk Fusco (kirk.fusco@floridadep.gov)","Kirk Fusco (kirk.fusco@floridadep.gov)"
"HCTS","HCTS-A69-9007-6152-2022-03-31","Limulus polyphemus","horseshoe crab","2023-10-18","HCTSA","HCTSA","487551-W","487551",1.2,0.3,"A69-9007-6152","A69-9007","A69-9007-6152",180,NA,NA,"ADC","2022-04-01 11:41:21","UTC",-80.79027,28.62344,"0101000020E6100000A3409FC8933254C0AB048BC3999F3C40",2022,4,1,91,11.6891666666667,"Titusville","","Fusco, K., et al. 2021.","HCTSA-A69-9007-6152-69297","Kirk Fusco (kirk.fusco@floridadep.gov)","Kirk Fusco (kirk.fusco@floridadep.gov)"
"HCTS","HCTS-A69-9007-6152-2022-03-31","Limulus polyphemus","horseshoe crab","2023-10-18","HCTSA","HCTSA","487551-W","487551",1.2,0.3,"A69-9007-6152","A69-9007","A69-9007-6152",180,NA,NA,"ADC","2022-04-01 11:46:05","UTC",-80.79027,28.62344,"0101000020E6100000A3409FC8933254C0AB048BC3999F3C40",2022,4,1,91,11.7680555555556,"Titusville","","Fusco, K., et al. 2021.","HCTSA-A69-9007-6152-69304","Kirk Fusco (kirk.fusco@floridadep.gov)","Kirk Fusco (kirk.fusco@floridadep.gov)"
"HCTS","HCTS-A69-9007-6152-2022-03-31","Limulus polyphemus","horseshoe crab","2023-10-18","HCTSA","HCTSA","487551-W","487551",1.2,0.3,"A69-9007-6152","A69-9007","A69-9007-6152",180,NA,NA,"ADC","2022-04-01 11:50:39","UTC",-80.79027,28.62344,"0101000020E6100000A3409FC8933254C0AB048BC3999F3C40",2022,4,1,91,11.8441666666667,"Titusville","","Fusco, K., et al. 2021.","HCTSA-A69-9007-6152-69311","Kirk Fusco (kirk.fusco@floridadep.gov)","Kirk Fusco (kirk.fusco@floridadep.gov)"
"HCTS","HCTS-A69-9007-6152-2022-03-31","Limulus polyphemus","horseshoe crab","2023-10-18","HCTSA","HCTSA","487551-W","487551",1.2,0.3,"A69-9007-6152","A69-9007","A69-9007-6152",180,NA,NA,"ADC","2022-04-01 11:54:53","UTC",-80.79027,28.62344,"0101000020E6100000A3409FC8933254C0AB048BC3999F3C40",2022,4,1,91,11.9147222222222,"Titusville","","Fusco, K., et al. 2021.","HCTSA-A69-9007-6152-69318","Kirk Fusco (kirk.fusco@floridadep.gov)","Kirk Fusco (kirk.fusco@floridadep.gov)"
"HCTS","HCTS-A69-9007-6152-2022-03-31","Limulus polyphemus","horseshoe crab","2023-10-18","HCTSA","HCTSA","487551-W","487551",1.2,0.3,"A69-9007-6152","A69-9007","A69-9007-6152",179,NA,NA,"ADC","2022-04-01 11:58:26","UTC",-80.79027,28.62344,"0101000020E6100000A3409FC8933254C0AB048BC3999F3C40",2022,4,1,91,11.9738888888889,"Titusville","","Fusco, K., et al. 2021.","HCTSA-A69-9007-6152-69327","Kirk Fusco (kirk.fusco@floridadep.gov)","Kirk Fusco (kirk.fusco@floridadep.gov)"
"HCTS","HCTS-A69-9007-6152-2022-03-31","Limulus polyphemus","horseshoe crab","2023-10-18","HCTSA","HCTSA","487551-W","487551",1.2,0.3,"A69-9007-6152","A69-9007","A69-9007-6152",180,NA,NA,"ADC","2022-04-01 12:02:17","UTC",-80.79027,28.62344,"0101000020E6100000A3409FC8933254C0AB048BC3999F3C40",2022,4,1,91,12.0380555555556,"Titusville","","Fusco, K., et al. 2021.","HCTSA-A69-9007-6152-69330","Kirk Fusco (kirk.fusco@floridadep.gov)","Kirk Fusco (kirk.fusco@floridadep.gov)"
"HCTS","HCTS-A69-9007-6152-2022-03-31","Limulus polyphemus","horseshoe crab","2023-10-18","HCTSA","HCTSA","487551-W","487551",1.2,0.3,"A69-9007-6152","A69-9007","A69-9007-6152",180,NA,NA,"ADC","2022-04-01 12:10:42","UTC",-80.79027,28.62344,"0101000020E6100000A3409FC8933254C0AB048BC3999F3C40",2022,4,1,91,12.1783333333333,"Titusville","","Fusco, K., et al. 2021.","HCTSA-A69-9007-6152-69345","Kirk Fusco (kirk.fusco@floridadep.gov)","Kirk Fusco (kirk.fusco@floridadep.gov)"
"HCTS","HCTS-A69-9007-6152-2022-03-31","Limulus polyphemus","horseshoe crab","2023-10-18","HCTSA","HCTSA","487551-W","487551",1.2,0.3,"A69-9007-6152","A69-9007","A69-9007-6152",179,NA,NA,"ADC","2022-04-01 12:15:25","UTC",-80.79027,28.62344,"0101000020E6100000A3409FC8933254C0AB048BC3999F3C40",2022,4,1,91,12.2569444444444,"Titusville","","Fusco, K., et al. 2021.","HCTSA-A69-9007-6152-69351","Kirk Fusco (kirk.fusco@floridadep.gov)","Kirk Fusco (kirk.fusco@floridadep.gov)"
"HCTS","HCTS-A69-9007-6152-2022-03-31","Limulus polyphemus","horseshoe crab","2023-10-18","HCTSA","HCTSA","487551-W","487551",1.2,0.3,"A69-9007-6152","A69-9007","A69-9007-6152",179,NA,NA,"ADC","2022-04-01 12:27:18","UTC",-80.79027,28.62344,"0101000020E6100000A3409FC8933254C0AB048BC3999F3C40",2022,4,1,91,12.455,"Titusville","","Fusco, K., et al. 2021.","HCTSA-A69-9007-6152-69376","Kirk Fusco (kirk.fusco@floridadep.gov)","Kirk Fusco (kirk.fusco@floridadep.gov)"
"HCTS","HCTS-A69-9007-6152-2022-03-31","Limulus polyphemus","horseshoe crab","2023-10-18","HCTSA","HCTSA","487550-SE","487550",1.2,0.3,"A69-9007-6152","A69-9007","A69-9007-6152",179,NA,NA,"ADC","2022-04-01 13:10:40","UTC",-80.78626,28.6223,"0101000020E6100000CA897615523254C0014D840D4F9F3C40",2022,4,1,91,13.1777777777778,"Titusville","","Fusco, K., et al. 2021.","HCTSA-A69-9007-6152-69431","Kirk Fusco (kirk.fusco@floridadep.gov)","Kirk Fusco (kirk.fusco@floridadep.gov)"
"HCTS","HCTS-A69-9007-6152-2022-03-31","Limulus polyphemus","horseshoe crab","2023-10-18","HCTSA","HCTSA","487551-W","487551",1.2,0.3,"A69-9007-6152","A69-9007","A69-9007-6152",180,NA,NA,"ADC","2022-04-01 13:18:53","UTC",-80.79027,28.62344,"0101000020E6100000A3409FC8933254C0AB048BC3999F3C40",2022,4,1,91,13.3147222222222,"Titusville","","Fusco, K., et al. 2021.","HCTSA-A69-9007-6152-69443","Kirk Fusco (kirk.fusco@floridadep.gov)","Kirk Fusco (kirk.fusco@floridadep.gov)"
"HCTS","HCTS-A69-9007-6152-2022-03-31","Limulus polyphemus","horseshoe crab","2023-10-18","HCTSA","HCTSA","487551-W","487551",1.2,0.3,"A69-9007-6152","A69-9007","A69-9007-6152",180,NA,NA,"ADC","2022-04-01 13:23:21","UTC",-80.79027,28.62344,"0101000020E6100000A3409FC8933254C0AB048BC3999F3C40",2022,4,1,91,13.3891666666667,"Titusville","","Fusco, K., et al. 2021.","HCTSA-A69-9007-6152-69445","Kirk Fusco (kirk.fusco@floridadep.gov)","Kirk Fusco (kirk.fusco@floridadep.gov)"
"HCTS","HCTS-A69-9007-6152-2022-03-31","Limulus polyphemus","horseshoe crab","2023-10-18","HCTSA","HCTSA","487551-W","487551",1.2,0.3,"A69-9007-6152","A69-9007","A69-9007-6152",180,NA,NA,"ADC","2022-04-01 13:27:23","UTC",-80.79027,28.62344,"0101000020E6100000A3409FC8933254C0AB048BC3999F3C40",2022,4,1,91,13.4563888888889,"Titusville","","Fusco, K., et al. 2021.","HCTSA-A69-9007-6152-69454","Kirk Fusco (kirk.fusco@floridadep.gov)","Kirk Fusco (kirk.fusco@floridadep.gov)"
"HCTS","HCTS-A69-9007-6152-2022-03-31","Limulus polyphemus","horseshoe crab","2023-10-18","HCTSA","HCTSA","487551-W","487551",1.2,0.3,"A69-9007-6152","A69-9007","A69-9007-6152",180,NA,NA,"ADC","2022-04-01 13:32:13","UTC",-80.79027,28.62344,"0101000020E6100000A3409FC8933254C0AB048BC3999F3C40",2022,4,1,91,13.5369444444444,"Titusville","","Fusco, K., et al. 2021.","HCTSA-A69-9007-6152-69462","Kirk Fusco (kirk.fusco@floridadep.gov)","Kirk Fusco (kirk.fusco@floridadep.gov)"
"HCTS","HCTS-A69-9007-6152-2022-03-31","Limulus polyphemus","horseshoe crab","2023-10-18","HCTSA","HCTSA","487551-W","487551",1.2,0.3,"A69-9007-6152","A69-9007","A69-9007-6152",180,NA,NA,"ADC","2022-04-01 13:36:57","UTC",-80.79027,28.62344,"0101000020E6100000A3409FC8933254C0AB048BC3999F3C40",2022,4,1,91,13.6158333333333,"Titusville","","Fusco, K., et al. 2021.","HCTSA-A69-9007-6152-69471","Kirk Fusco (kirk.fusco@floridadep.gov)","Kirk Fusco (kirk.fusco@floridadep.gov)"
"HCTS","HCTS-A69-9007-6152-2022-03-31","Limulus polyphemus","horseshoe crab","2023-10-18","HCTSA","HCTSA","487551-W","487551",1.2,0.3,"A69-9007-6152","A69-9007","A69-9007-6152",179,NA,NA,"ADC","2022-04-01 13:41:31","UTC",-80.79027,28.62344,"0101000020E6100000A3409FC8933254C0AB048BC3999F3C40",2022,4,1,91,13.6919444444444,"Titusville","","Fusco, K., et al. 2021.","HCTSA-A69-9007-6152-69477","Kirk Fusco (kirk.fusco@floridadep.gov)","Kirk Fusco (kirk.fusco@floridadep.gov)"
"HCTS","HCTS-A69-9007-6152-2022-03-31","Limulus polyphemus","horseshoe crab","2023-10-18","HCTSA","HCTSA","487551-W","487551",1.2,0.3,"A69-9007-6152","A69-9007","A69-9007-6152",179,NA,NA,"ADC","2022-04-01 13:53:09","UTC",-80.79027,28.62344,"0101000020E6100000A3409FC8933254C0AB048BC3999F3C40",2022,4,1,91,13.8858333333333,"Titusville","","Fusco, K., et al. 2021.","HCTSA-A69-9007-6152-69491","Kirk Fusco (kirk.fusco@floridadep.gov)","Kirk Fusco (kirk.fusco@floridadep.gov)"
"HCTS","HCTS-A69-9007-6152-2022-03-31","Limulus polyphemus","horseshoe crab","2023-10-18","HCTSA","HCTSA","487551-W","487551",1.2,0.3,"A69-9007-6152","A69-9007","A69-9007-6152",180,NA,NA,"ADC","2022-04-01 14:10:57","UTC",-80.79027,28.62344,"0101000020E6100000A3409FC8933254C0AB048BC3999F3C40",2022,4,1,91,14.1825,"Titusville","","Fusco, K., et al. 2021.","HCTSA-A69-9007-6152-69525","Kirk Fusco (kirk.fusco@floridadep.gov)","Kirk Fusco (kirk.fusco@floridadep.gov)"
"HCTS","HCTS-A69-9007-6152-2022-03-31","Limulus polyphemus","horseshoe crab","2023-10-18","HCTSA","HCTSA","487551-W","487551",1.2,0.3,"A69-9007-6152","A69-9007","A69-9007-6152",180,NA,NA,"ADC","2022-04-01 14:18:48","UTC",-80.79027,28.62344,"0101000020E6100000A3409FC8933254C0AB048BC3999F3C40",2022,4,1,91,14.3133333333333,"Titusville","","Fusco, K., et al. 2021.","HCTSA-A69-9007-6152-69541","Kirk Fusco (kirk.fusco@floridadep.gov)","Kirk Fusco (kirk.fusco@floridadep.gov)"
"HCTS","HCTS-A69-9007-6152-2022-03-31","Limulus polyphemus","horseshoe crab","2023-10-18","HCTSA","HCTSA","487551-W","487551",1.2,0.3,"A69-9007-6152","A69-9007","A69-9007-6152",180,NA,NA,"ADC","2022-04-01 14:22:46","UTC",-80.79027,28.62344,"0101000020E6100000A3409FC8933254C0AB048BC3999F3C40",2022,4,1,91,14.3794444444444,"Titusville","","Fusco, K., et al. 2021.","HCTSA-A69-9007-6152-69545","Kirk Fusco (kirk.fusco@floridadep.gov)","Kirk Fusco (kirk.fusco@floridadep.gov)"
"HCTS","HCTS-A69-9007-6152-2022-03-31","Limulus polyphemus","horseshoe crab","2023-10-18","HCTSA","HCTSA","487551-W","487551",1.2,0.3,"A69-9007-6152","A69-9007","A69-9007-6152",180,NA,NA,"ADC","2022-04-01 14:27:27","UTC",-80.79027,28.62344,"0101000020E6100000A3409FC8933254C0AB048BC3999F3C40",2022,4,1,91,14.4575,"Titusville","","Fusco, K., et al. 2021.","HCTSA-A69-9007-6152-69553","Kirk Fusco (kirk.fusco@floridadep.gov)","Kirk Fusco (kirk.fusco@floridadep.gov)"
"HCTS","HCTS-A69-9007-6152-2022-03-31","Limulus polyphemus","horseshoe crab","2023-10-18","HCTSA","HCTSA","487551-W","487551",1.2,0.3,"A69-9007-6152","A69-9007","A69-9007-6152",180,NA,NA,"ADC","2022-04-01 14:40:43","UTC",-80.79027,28.62344,"0101000020E6100000A3409FC8933254C0AB048BC3999F3C40",2022,4,1,91,14.6786111111111,"Titusville","","Fusco, K., et al. 2021.","HCTSA-A69-9007-6152-69579","Kirk Fusco (kirk.fusco@floridadep.gov)","Kirk Fusco (kirk.fusco@floridadep.gov)"
"HCTS","HCTS-A69-9007-6152-2022-03-31","Limulus polyphemus","horseshoe crab","2023-10-18","HCTSA","HCTSA","487551-W","487551",1.2,0.3,"A69-9007-6152","A69-9007","A69-9007-6152",180,NA,NA,"ADC","2022-04-01 15:26:01","UTC",-80.79027,28.62344,"0101000020E6100000A3409FC8933254C0AB048BC3999F3C40",2022,4,1,91,15.4336111111111,"Titusville","","Fusco, K., et al. 2021.","HCTSA-A69-9007-6152-69648","Kirk Fusco (kirk.fusco@floridadep.gov)","Kirk Fusco (kirk.fusco@floridadep.gov)"
"HCTS","HCTS-A69-9007-6152-2022-03-31","Limulus polyphemus","horseshoe crab","2023-10-18","HCTSA","HCTSA","487551-W","487551",1.2,0.3,"A69-9007-6152","A69-9007","A69-9007-6152",180,NA,NA,"ADC","2022-04-01 15:30:17","UTC",-80.79027,28.62344,"0101000020E6100000A3409FC8933254C0AB048BC3999F3C40",2022,4,1,91,15.5047222222222,"Titusville","","Fusco, K., et al. 2021.","HCTSA-A69-9007-6152-69661","Kirk Fusco (kirk.fusco@floridadep.gov)","Kirk Fusco (kirk.fusco@floridadep.gov)"
"HCTS","HCTS-A69-9007-6152-2022-03-31","Limulus polyphemus","horseshoe crab","2023-10-18","HCTSA","HCTSA","487551-W","487551",1.2,0.3,"A69-9007-6152","A69-9007","A69-9007-6152",180,NA,NA,"ADC","2022-04-01 15:33:53","UTC",-80.79027,28.62344,"0101000020E6100000A3409FC8933254C0AB048BC3999F3C40",2022,4,1,91,15.5647222222222,"Titusville","","Fusco, K., et al. 2021.","HCTSA-A69-9007-6152-69668","Kirk Fusco (kirk.fusco@floridadep.gov)","Kirk Fusco (kirk.fusco@floridadep.gov)"
"HCTS","HCTS-A69-9007-6152-2022-03-31","Limulus polyphemus","horseshoe crab","2023-10-18","HCTSA","HCTSA","487551-W","487551",1.2,0.3,"A69-9007-6152","A69-9007","A69-9007-6152",180,NA,NA,"ADC","2022-04-01 16:42:47","UTC",-80.79027,28.62344,"0101000020E6100000A3409FC8933254C0AB048BC3999F3C40",2022,4,1,91,16.7130555555556,"Titusville","","Fusco, K., et al. 2021.","HCTSA-A69-9007-6152-69765","Kirk Fusco (kirk.fusco@floridadep.gov)","Kirk Fusco (kirk.fusco@floridadep.gov)"
"HCTS","HCTS-A69-9007-6152-2022-03-31","Limulus polyphemus","horseshoe crab","2023-10-18","HCTSA","HCTSA","487551-W","487551",1.2,0.3,"A69-9007-6152","A69-9007","A69-9007-6152",180,NA,NA,"ADC","2022-04-01 16:50:58","UTC",-80.79027,28.62344,"0101000020E6100000A3409FC8933254C0AB048BC3999F3C40",2022,4,1,91,16.8494444444444,"Titusville","","Fusco, K., et al. 2021.","HCTSA-A69-9007-6152-69779","Kirk Fusco (kirk.fusco@floridadep.gov)","Kirk Fusco (kirk.fusco@floridadep.gov)"
"HCTS","HCTS-A69-9007-6152-2022-03-31","Limulus polyphemus","horseshoe crab","2023-10-18","HCTSA","HCTSA","487551-W","487551",1.2,0.3,"A69-9007-6152","A69-9007","A69-9007-6152",180,NA,NA,"ADC","2022-04-01 16:55:20","UTC",-80.79027,28.62344,"0101000020E6100000A3409FC8933254C0AB048BC3999F3C40",2022,4,1,91,16.9222222222222,"Titusville","","Fusco, K., et al. 2021.","HCTSA-A69-9007-6152-69786","Kirk Fusco (kirk.fusco@floridadep.gov)","Kirk Fusco (kirk.fusco@floridadep.gov)"
"HCTS","HCTS-A69-9007-6152-2022-03-31","Limulus polyphemus","horseshoe crab","2023-10-18","HCTSA","HCTSA","487551-W","487551",1.2,0.3,"A69-9007-6152","A69-9007","A69-9007-6152",181,NA,NA,"ADC","2022-04-01 19:39:39","UTC",-80.79027,28.62344,"0101000020E6100000A3409FC8933254C0AB048BC3999F3C40",2022,4,1,91,19.6608333333333,"Titusville","","Fusco, K., et al. 2021.","HCTSA-A69-9007-6152-70068","Kirk Fusco (kirk.fusco@floridadep.gov)","Kirk Fusco (kirk.fusco@floridadep.gov)"
"HCTS","HCTS-A69-9007-6152-2022-03-31","Limulus polyphemus","horseshoe crab","2023-10-18","HCTSA","HCTSA","487551-W","487551",1.2,0.3,"A69-9007-6152","A69-9007","A69-9007-6152",181,NA,NA,"ADC","2022-04-01 19:49:50","UTC",-80.79027,28.62344,"0101000020E6100000A3409FC8933254C0AB048BC3999F3C40",2022,4,1,91,19.8305555555556,"Titusville","","Fusco, K., et al. 2021.","HCTSA-A69-9007-6152-70084","Kirk Fusco (kirk.fusco@floridadep.gov)","Kirk Fusco (kirk.fusco@floridadep.gov)"
"HCTS","HCTS-A69-9007-6152-2022-03-31","Limulus polyphemus","horseshoe crab","2023-10-18","HCTSA","HCTSA","487551-W","487551",1.2,0.3,"A69-9007-6152","A69-9007","A69-9007-6152",181,NA,NA,"ADC","2022-04-01 19:53:35","UTC",-80.79027,28.62344,"0101000020E6100000A3409FC8933254C0AB048BC3999F3C40",2022,4,1,91,19.8930555555556,"Titusville","","Fusco, K., et al. 2021.","HCTSA-A69-9007-6152-70093","Kirk Fusco (kirk.fusco@floridadep.gov)","Kirk Fusco (kirk.fusco@floridadep.gov)"
"HCTS","HCTS-A69-9007-6152-2022-03-31","Limulus polyphemus","horseshoe crab","2023-10-18","HCTSA","HCTSA","487551-W","487551",1.2,0.3,"A69-9007-6152","A69-9007","A69-9007-6152",182,NA,NA,"ADC","2022-04-01 20:14:24","UTC",-80.79027,28.62344,"0101000020E6100000A3409FC8933254C0AB048BC3999F3C40",2022,4,1,91,20.24,"Titusville","","Fusco, K., et al. 2021.","HCTSA-A69-9007-6152-70136","Kirk Fusco (kirk.fusco@floridadep.gov)","Kirk Fusco (kirk.fusco@floridadep.gov)"
"HCTS","HCTS-A69-9007-6152-2022-03-31","Limulus polyphemus","horseshoe crab","2023-10-18","HCTSA","HCTSA","487551-W","487551",1.2,0.3,"A69-9007-6152","A69-9007","A69-9007-6152",182,NA,NA,"ADC","2022-04-01 20:18:17","UTC",-80.79027,28.62344,"0101000020E6100000A3409FC8933254C0AB048BC3999F3C40",2022,4,1,91,20.3047222222222,"Titusville","","Fusco, K., et al. 2021.","HCTSA-A69-9007-6152-70143","Kirk Fusco (kirk.fusco@floridadep.gov)","Kirk Fusco (kirk.fusco@floridadep.gov)"
"HCTS","HCTS-A69-9007-6152-2022-03-31","Limulus polyphemus","horseshoe crab","2023-10-18","HCTSA","HCTSA","487550-SE","487550",1.2,0.3,"A69-9007-6152","A69-9007","A69-9007-6152",182,NA,NA,"ADC","2022-04-01 20:18:18","UTC",-80.78626,28.6223,"0101000020E6100000CA897615523254C0014D840D4F9F3C40",2022,4,1,91,20.305,"Titusville","","Fusco, K., et al. 2021.","HCTSA-A69-9007-6152-70147","Kirk Fusco (kirk.fusco@floridadep.gov)","Kirk Fusco (kirk.fusco@floridadep.gov)"
"HCTS","HCTS-A69-9007-6152-2022-03-31","Limulus polyphemus","horseshoe crab","2023-10-18","HCTSA","HCTSA","487551-W","487551",1.2,0.3,"A69-9007-6152","A69-9007","A69-9007-6152",182,NA,NA,"ADC","2022-04-01 20:22:49","UTC",-80.79027,28.62344,"0101000020E6100000A3409FC8933254C0AB048BC3999F3C40",2022,4,1,91,20.3802777777778,"Titusville","","Fusco, K., et al. 2021.","HCTSA-A69-9007-6152-70157","Kirk Fusco (kirk.fusco@floridadep.gov)","Kirk Fusco (kirk.fusco@floridadep.gov)"
"HCTS","HCTS-A69-9007-6152-2022-03-31","Limulus polyphemus","horseshoe crab","2023-10-18","HCTSA","HCTSA","487551-W","487551",1.2,0.3,"A69-9007-6152","A69-9007","A69-9007-6152",182,NA,NA,"ADC","2022-04-01 20:26:57","UTC",-80.79027,28.62344,"0101000020E6100000A3409FC8933254C0AB048BC3999F3C40",2022,4,1,91,20.4491666666667,"Titusville","","Fusco, K., et al. 2021.","HCTSA-A69-9007-6152-70163","Kirk Fusco (kirk.fusco@floridadep.gov)","Kirk Fusco (kirk.fusco@floridadep.gov)"
"HCTS","HCTS-A69-9007-6152-2022-03-31","Limulus polyphemus","horseshoe crab","2023-10-18","HCTSA","HCTSA","487551-W","487551",1.2,0.3,"A69-9007-6152","A69-9007","A69-9007-6152",182,NA,NA,"ADC","2022-04-01 20:30:19","UTC",-80.79027,28.62344,"0101000020E6100000A3409FC8933254C0AB048BC3999F3C40",2022,4,1,91,20.5052777777778,"Titusville","","Fusco, K., et al. 2021.","HCTSA-A69-9007-6152-70172","Kirk Fusco (kirk.fusco@floridadep.gov)","Kirk Fusco (kirk.fusco@floridadep.gov)"
"HCTS","HCTS-A69-9007-6152-2022-03-31","Limulus polyphemus","horseshoe crab","2023-10-18","HCTSA","HCTSA","487551-W","487551",1.2,0.3,"A69-9007-6152","A69-9007","A69-9007-6152",182,NA,NA,"ADC","2022-04-01 20:33:50","UTC",-80.79027,28.62344,"0101000020E6100000A3409FC8933254C0AB048BC3999F3C40",2022,4,1,91,20.5638888888889,"Titusville","","Fusco, K., et al. 2021.","HCTSA-A69-9007-6152-70181","Kirk Fusco (kirk.fusco@floridadep.gov)","Kirk Fusco (kirk.fusco@floridadep.gov)"
"HCTS","HCTS-A69-9007-6152-2022-03-31","Limulus polyphemus","horseshoe crab","2023-10-18","HCTSA","HCTSA","487550-SE","487550",1.2,0.3,"A69-9007-6152","A69-9007","A69-9007-6152",182,NA,NA,"ADC","2022-04-01 20:33:51","UTC",-80.78626,28.6223,"0101000020E6100000CA897615523254C0014D840D4F9F3C40",2022,4,1,91,20.5641666666667,"Titusville","","Fusco, K., et al. 2021.","HCTSA-A69-9007-6152-70183","Kirk Fusco (kirk.fusco@floridadep.gov)","Kirk Fusco (kirk.fusco@floridadep.gov)"
"HCTS","HCTS-A69-9007-6152-2022-03-31","Limulus polyphemus","horseshoe crab","2023-10-18","HCTSA","HCTSA","487551-W","487551",1.2,0.3,"A69-9007-6152","A69-9007","A69-9007-6152",181,NA,NA,"ADC","2022-04-01 20:37:36","UTC",-80.79027,28.62344,"0101000020E6100000A3409FC8933254C0AB048BC3999F3C40",2022,4,1,91,20.6266666666667,"Titusville","","Fusco, K., et al. 2021.","HCTSA-A69-9007-6152-70189","Kirk Fusco (kirk.fusco@floridadep.gov)","Kirk Fusco (kirk.fusco@floridadep.gov)"
"HCTS","HCTS-A69-9007-6152-2022-03-31","Limulus polyphemus","horseshoe crab","2023-10-18","HCTSA","HCTSA","487551-W","487551",1.2,0.3,"A69-9007-6152","A69-9007","A69-9007-6152",181,NA,NA,"ADC","2022-04-01 20:41:54","UTC",-80.79027,28.62344,"0101000020E6100000A3409FC8933254C0AB048BC3999F3C40",2022,4,1,91,20.6983333333333,"Titusville","","Fusco, K., et al. 2021.","HCTSA-A69-9007-6152-70201","Kirk Fusco (kirk.fusco@floridadep.gov)","Kirk Fusco (kirk.fusco@floridadep.gov)"
"HCTS","HCTS-A69-9007-6152-2022-03-31","Limulus polyphemus","horseshoe crab","2023-10-18","HCTSA","HCTSA","487551-W","487551",1.2,0.3,"A69-9007-6152","A69-9007","A69-9007-6152",181,NA,NA,"ADC","2022-04-01 20:45:35","UTC",-80.79027,28.62344,"0101000020E6100000A3409FC8933254C0AB048BC3999F3C40",2022,4,1,91,20.7597222222222,"Titusville","","Fusco, K., et al. 2021.","HCTSA-A69-9007-6152-70206","Kirk Fusco (kirk.fusco@floridadep.gov)","Kirk Fusco (kirk.fusco@floridadep.gov)"
"HCTS","HCTS-A69-9007-6152-2022-03-31","Limulus polyphemus","horseshoe crab","2023-10-18","HCTSA","HCTSA","487551-W","487551",1.2,0.3,"A69-9007-6152","A69-9007","A69-9007-6152",182,NA,NA,"ADC","2022-04-01 21:55:56","UTC",-80.79027,28.62344,"0101000020E6100000A3409FC8933254C0AB048BC3999F3C40",2022,4,1,91,21.9322222222222,"Titusville","","Fusco, K., et al. 2021.","HCTSA-A69-9007-6152-70327","Kirk Fusco (kirk.fusco@floridadep.gov)","Kirk Fusco (kirk.fusco@floridadep.gov)"
"HCTS","HCTS-A69-9007-6152-2022-03-31","Limulus polyphemus","horseshoe crab","2023-10-18","HCTSA","HCTSA","487551-W","487551",1.2,0.3,"A69-9007-6152","A69-9007","A69-9007-6152",183,NA,NA,"ADC","2022-04-01 22:04:12","UTC",-80.79027,28.62344,"0101000020E6100000A3409FC8933254C0AB048BC3999F3C40",2022,4,1,91,22.07,"Titusville","","Fusco, K., et al. 2021.","HCTSA-A69-9007-6152-70347","Kirk Fusco (kirk.fusco@floridadep.gov)","Kirk Fusco (kirk.fusco@floridadep.gov)"
"HCTS","HCTS-A69-9007-6152-2022-03-31","Limulus polyphemus","horseshoe crab","2023-10-18","HCTSA","HCTSA","487550-SE","487550",1.2,0.3,"A69-9007-6152","A69-9007","A69-9007-6152",183,NA,NA,"ADC","2022-04-01 22:19:20","UTC",-80.78626,28.6223,"0101000020E6100000CA897615523254C0014D840D4F9F3C40",2022,4,1,91,22.3222222222222,"Titusville","","Fusco, K., et al. 2021.","HCTSA-A69-9007-6152-70374","Kirk Fusco (kirk.fusco@floridadep.gov)","Kirk Fusco (kirk.fusco@floridadep.gov)"
"HCTS","HCTS-A69-9007-6152-2022-03-31","Limulus polyphemus","horseshoe crab","2023-10-18","HCTSA","HCTSA","487551-W","487551",1.2,0.3,"A69-9007-6152","A69-9007","A69-9007-6152",183,NA,NA,"ADC","2022-04-01 22:22:37","UTC",-80.79027,28.62344,"0101000020E6100000A3409FC8933254C0AB048BC3999F3C40",2022,4,1,91,22.3769444444444,"Titusville","","Fusco, K., et al. 2021.","HCTSA-A69-9007-6152-70380","Kirk Fusco (kirk.fusco@floridadep.gov)","Kirk Fusco (kirk.fusco@floridadep.gov)"
"HCTS","HCTS-A69-9007-6152-2022-03-31","Limulus polyphemus","horseshoe crab","2023-10-18","HCTSA","HCTSA","487550-SE","487550",1.2,0.3,"A69-9007-6152","A69-9007","A69-9007-6152",183,NA,NA,"ADC","2022-04-01 22:22:38","UTC",-80.78626,28.6223,"0101000020E6100000CA897615523254C0014D840D4F9F3C40",2022,4,1,91,22.3772222222222,"Titusville","","Fusco, K., et al. 2021.","HCTSA-A69-9007-6152-70381","Kirk Fusco (kirk.fusco@floridadep.gov)","Kirk Fusco (kirk.fusco@floridadep.gov)"
"HCTS","HCTS-A69-9007-6152-2022-03-31","Limulus polyphemus","horseshoe crab","2023-10-18","HCTSA","HCTSA","487551-W","487551",1.2,0.3,"A69-9007-6152","A69-9007","A69-9007-6152",183,NA,NA,"ADC","2022-04-01 22:25:58","UTC",-80.79027,28.62344,"0101000020E6100000A3409FC8933254C0AB048BC3999F3C40",2022,4,1,91,22.4327777777778,"Titusville","","Fusco, K., et al. 2021.","HCTSA-A69-9007-6152-70385","Kirk Fusco (kirk.fusco@floridadep.gov)","Kirk Fusco (kirk.fusco@floridadep.gov)"
"HCTS","HCTS-A69-9007-6152-2022-03-31","Limulus polyphemus","horseshoe crab","2023-10-18","HCTSA","HCTSA","487550-SE","487550",1.2,0.3,"A69-9007-6152","A69-9007","A69-9007-6152",183,NA,NA,"ADC","2022-04-01 22:25:59","UTC",-80.78626,28.6223,"0101000020E6100000CA897615523254C0014D840D4F9F3C40",2022,4,1,91,22.4330555555556,"Titusville","","Fusco, K., et al. 2021.","HCTSA-A69-9007-6152-70387","Kirk Fusco (kirk.fusco@floridadep.gov)","Kirk Fusco (kirk.fusco@floridadep.gov)"
"HCTS","HCTS-A69-9007-6152-2022-03-31","Limulus polyphemus","horseshoe crab","2023-10-18","HCTSA","HCTSA","487551-W","487551",1.2,0.3,"A69-9007-6152","A69-9007","A69-9007-6152",183,NA,NA,"ADC","2022-04-01 22:29:26","UTC",-80.79027,28.62344,"0101000020E6100000A3409FC8933254C0AB048BC3999F3C40",2022,4,1,91,22.4905555555556,"Titusville","","Fusco, K., et al. 2021.","HCTSA-A69-9007-6152-70393","Kirk Fusco (kirk.fusco@floridadep.gov)","Kirk Fusco (kirk.fusco@floridadep.gov)"
"HCTS","HCTS-A69-9007-6152-2022-03-31","Limulus polyphemus","horseshoe crab","2023-10-18","HCTSA","HCTSA","487551-W","487551",1.2,0.3,"A69-9007-6152","A69-9007","A69-9007-6152",182,NA,NA,"ADC","2022-04-01 22:33:07","UTC",-80.79027,28.62344,"0101000020E6100000A3409FC8933254C0AB048BC3999F3C40",2022,4,1,91,22.5519444444444,"Titusville","","Fusco, K., et al. 2021.","HCTSA-A69-9007-6152-70403","Kirk Fusco (kirk.fusco@floridadep.gov)","Kirk Fusco (kirk.fusco@floridadep.gov)"
"HCTS","HCTS-A69-9007-6152-2022-03-31","Limulus polyphemus","horseshoe crab","2023-10-18","HCTSA","HCTSA","487551-W","487551",1.2,0.3,"A69-9007-6152","A69-9007","A69-9007-6152",182,NA,NA,"ADC","2022-04-01 22:37:15","UTC",-80.79027,28.62344,"0101000020E6100000A3409FC8933254C0AB048BC3999F3C40",2022,4,1,91,22.6208333333333,"Titusville","","Fusco, K., et al. 2021.","HCTSA-A69-9007-6152-70407","Kirk Fusco (kirk.fusco@floridadep.gov)","Kirk Fusco (kirk.fusco@floridadep.gov)"
"HCTS","HCTS-A69-9007-6152-2022-03-31","Limulus polyphemus","horseshoe crab","2023-10-18","HCTSA","HCTSA","487551-W","487551",1.2,0.3,"A69-9007-6152","A69-9007","A69-9007-6152",182,NA,NA,"ADC","2022-04-01 22:40:37","UTC",-80.79027,28.62344,"0101000020E6100000A3409FC8933254C0AB048BC3999F3C40",2022,4,1,91,22.6769444444444,"Titusville","","Fusco, K., et al. 2021.","HCTSA-A69-9007-6152-70414","Kirk Fusco (kirk.fusco@floridadep.gov)","Kirk Fusco (kirk.fusco@floridadep.gov)"
"HCTS","HCTS-A69-9007-6152-2022-03-31","Limulus polyphemus","horseshoe crab","2023-10-18","HCTSA","HCTSA","487551-W","487551",1.2,0.3,"A69-9007-6152","A69-9007","A69-9007-6152",182,NA,NA,"ADC","2022-04-01 22:55:45","UTC",-80.79027,28.62344,"0101000020E6100000A3409FC8933254C0AB048BC3999F3C40",2022,4,1,91,22.9291666666667,"Titusville","","Fusco, K., et al. 2021.","HCTSA-A69-9007-6152-70443","Kirk Fusco (kirk.fusco@floridadep.gov)","Kirk Fusco (kirk.fusco@floridadep.gov)"
"HCTS","HCTS-A69-9007-6152-2022-03-31","Limulus polyphemus","horseshoe crab","2023-10-18","HCTSA","HCTSA","487551-W","487551",1.2,0.3,"A69-9007-6152","A69-9007","A69-9007-6152",182,NA,NA,"ADC","2022-04-01 23:13:35","UTC",-80.79027,28.62344,"0101000020E6100000A3409FC8933254C0AB048BC3999F3C40",2022,4,1,91,23.2263888888889,"Titusville","","Fusco, K., et al. 2021.","HCTSA-A69-9007-6152-70480","Kirk Fusco (kirk.fusco@floridadep.gov)","Kirk Fusco (kirk.fusco@floridadep.gov)"
"HCTS","HCTS-A69-9007-6152-2022-03-31","Limulus polyphemus","horseshoe crab","2023-10-18","HCTSA","HCTSA","487551-W","487551",1.2,0.3,"A69-9007-6152","A69-9007","A69-9007-6152",182,NA,NA,"ADC","2022-04-01 23:17:27","UTC",-80.79027,28.62344,"0101000020E6100000A3409FC8933254C0AB048BC3999F3C40",2022,4,1,91,23.2908333333333,"Titusville","","Fusco, K., et al. 2021.","HCTSA-A69-9007-6152-70486","Kirk Fusco (kirk.fusco@floridadep.gov)","Kirk Fusco (kirk.fusco@floridadep.gov)"
"HCTS","HCTS-A69-9007-6152-2022-03-31","Limulus polyphemus","horseshoe crab","2023-10-18","HCTSA","HCTSA","487550-SE","487550",1.2,0.3,"A69-9007-6152","A69-9007","A69-9007-6152",182,NA,NA,"ADC","2022-04-02 10:22:16","UTC",-80.78626,28.6223,"0101000020E6100000CA897615523254C0014D840D4F9F3C40",2022,4,2,92,10.3711111111111,"Titusville","","Fusco, K., et al. 2021.","HCTSA-A69-9007-6152-71431","Kirk Fusco (kirk.fusco@floridadep.gov)","Kirk Fusco (kirk.fusco@floridadep.gov)"
"HCTS","HCTS-A69-9007-6152-2022-03-31","Limulus polyphemus","horseshoe crab","2023-10-18","HCTSA","HCTSA","487550-SE","487550",1.2,0.3,"A69-9007-6152","A69-9007","A69-9007-6152",181,NA,NA,"ADC","2022-04-02 12:40:17","UTC",-80.78626,28.6223,"0101000020E6100000CA897615523254C0014D840D4F9F3C40",2022,4,2,92,12.6713888888889,"Titusville","","Fusco, K., et al. 2021.","HCTSA-A69-9007-6152-71667","Kirk Fusco (kirk.fusco@floridadep.gov)","Kirk Fusco (kirk.fusco@floridadep.gov)"
"HCTS","HCTS-A69-9007-6152-2022-03-31","Limulus polyphemus","horseshoe crab","2023-08-20","HCTS","HCTS","Gator Creek","release",NA,NA,"A69-9007-6152","","",NA,NA,NA,"","2022-03-31 12:00:00","UTC",-80.78707,28.62756,"0101000020E61000006A6AD95A5F3254C07B4FE5B4A7A03C40",2022,3,31,90,12,"Gator Creek","AGE: M; AGE_UNITS: Y,M,O","Fusco, K., et al. 2021.","HCTS-A69-9007-6152-2022-03-31-release-A69-9007-6152","Kirk Fusco (kirk.fusco@floridadep.gov)","Kirk Fusco (kirk.fusco@floridadep.gov)"
